iteration,time_sampling,stoc_pol_mean,stoc_pol_std,stoc_pol_max,stoc_pol_min,rollout_success,discriminator_loss,alpha,delta,time_vpg,time_npg,kl_dist,surr_improvement,running_score,success_rate,num_samples,time_VF,VF_error_before,VF_error_after,eval_score,eval_success
0,13.82700490951538,-2.282829904103011,10.154037054654367,69.28210576865186,-8.376757953891088,0.0,0.6951588,1.373840900595612,0.05,0.021422386169433594,0.6900997161865234,0.02447431,0.040878303,-2.282829904103011,0.0,40000,2.583570957183838,0.9988476717574154,0.8215139792252766,-4.629778066738915,0.0
1,12.869976282119751,-3.569411304952547,7.216769557194775,62.07670032606216,-8.700386225314821,0.0,0.69497347,1.3736321509757166,0.05,0.023717641830444336,0.6599280834197998,0.025281295,0.037831713,-2.4114880441879647,0.0,40000,4.6043381690979,1.0001539529262098,0.8052204665052876,-3.600520779641841,0.0
2,12.1888108253479,-1.2046075504353615,18.175688039598487,207.08142880367694,-8.266016732021916,0.0,0.6932677,1.5769760267286375,0.05,0.021726608276367188,0.6431398391723633,0.025830137,0.037917133,-2.2907999948127045,0.0,40000,5.012102842330933,0.950075026710734,0.8336751606369188,-3.9831200199610697,0.0
3,12.521281003952026,-1.3454864881680604,19.340613366011077,237.69928928822122,-7.8079027326157995,0.0,0.6927512,0.9379847138910576,0.05,0.02210855484008789,0.7126266956329346,0.0251811,0.078567095,-2.1962686441482404,0.0,40000,5.2104127407073975,0.9771175006184496,0.8450609436355192,1.7122900077995107,0.0
4,13.986826181411743,-0.3095203618543514,20.394014712133412,238.32892655849486,-7.764296612583099,0.0,0.6919707,1.2578861732094346,0.05,0.027218103408813477,0.648850679397583,0.024920346,0.055394072,-2.0075938159188516,0.0,40000,5.168672323226929,0.8335763109621123,0.7399318689537331,0.9565017222662402,0.0
5,11.484391689300537,2.008625379714003,36.06577049499662,353.324328233221,-7.650829362318742,0.5,0.69190156,1.6443145486110657,0.05,0.020772933959960938,0.6404702663421631,0.024626479,0.040331982,-1.605971896355566,0.5,40000,4.7206196784973145,0.8887198476796905,0.7599528781946707,0.736353660021374,0.0
6,12.865466594696045,-0.47865359576790456,20.294177417075318,222.59298480045408,-8.083943891953927,0.0,0.69222176,1.2263186556020085,0.05,0.030255794525146484,0.6228463649749756,0.025025997,0.041761525,-1.4932400662968,0.0,40000,4.811848163604736,1.217057372499584,0.8622789438615065,5.17250452832831,0.0
7,13.09843397140503,1.3693137824379569,24.363976717459728,254.70466213170826,-8.54707400664196,0.0,0.6913726,1.4096111325890193,0.05,0.020191431045532227,0.742962121963501,0.025429841,0.04262098,-1.2069846814233243,0.0,40000,4.720699310302734,0.7679512891938642,0.6465462270662271,3.449121386598007,0.0
8,19.065574884414673,-0.5162083701868057,18.14364814791486,187.0733432469148,-7.990441079133749,0.0,0.6911791,1.3177332756850473,0.05,0.10900688171386719,2.475994825363159,0.025463855,0.036296967,-1.1379070502996724,0.0,40000,6.030345678329468,0.8031736612121195,0.6611492756310403,4.482044297384288,0.0
9,16.43060612678528,-0.22872755475000375,16.094831453469276,153.1321001278784,-7.685610180543647,0.0,0.6910373,1.4112421074273067,0.05,0.0233306884765625,0.6684160232543945,0.025001056,0.038075235,-1.0469891007447056,0.0,40000,5.1016645431518555,0.8644883149335628,0.6983704076237707,13.296289962133944,0.0
10,17.93605661392212,12.139516463403952,84.68231593120628,947.9617185763495,-9.64537439958322,1.5,0.68952537,1.4344885362616546,0.05,0.0340886116027832,0.9571125507354736,0.025607526,0.04718102,0.2716614556701601,1.5,40000,17.951645374298096,0.9294856043623843,0.8093308214672658,5.223867446406214,0.0
11,14.65011739730835,5.541783872803251,49.7706398088217,541.1759441304595,-9.322548925208672,0.5,0.69057405,1.3312139728799954,0.05,0.027712583541870117,0.6697428226470947,0.024274549,0.03806098,0.7986736973834692,0.5,40000,7.644221067428589,1.0122344994018162,0.7548863326395313,1.936597628300902,0.0
12,17.76371717453003,5.77887315163754,45.79185408674117,512.4487587766782,-10.177655505494148,0.5,0.6900565,1.4099387755162525,0.05,0.029217004776000977,0.7759988307952881,0.025620624,0.03889176,1.2966936428088762,0.5,40000,6.542535305023193,0.9199697025760902,0.7742072788781315,0.14560711338052512,0.0
13,14.931453227996826,0.9649812255766684,18.11132365052972,150.74743287004856,-10.070632425418713,0.0,0.68843436,1.3129396308362014,0.05,0.02307605743408203,0.8420381546020508,0.024808608,0.04133033,1.2635224010856556,0.0,40000,4.8858256340026855,0.9212139526650357,0.7433291149764185,1.2635864037508706,0.0
14,17.40379285812378,8.411278066637061,70.13025653283766,939.7941987702434,-11.322540224971805,0.5,0.6892884,1.5085479857617108,0.05,0.021064281463623047,0.6943161487579346,0.026182223,0.046278216,1.9782979676407964,0.5,40000,5.090175628662109,0.8796944461885815,0.8284739796927078,1.460419093996619,0.0
15,18.191080331802368,3.4373307063424123,23.342411732236823,189.30729068468148,-11.601048090670364,0.0,0.6886805,1.4224828712756972,0.05,0.02023935317993164,0.6364164352416992,0.025010189,0.033740602,2.124201241510958,0.0,40000,5.394993305206299,1.517206674857925,0.6070583161781352,16.962404041937734,0.0
16,19.401912927627563,6.058321225004329,27.674301061781236,208.87130494072892,-11.069827298488914,0.0,0.687739,1.4222781132910431,0.05,0.02425241470336914,0.8663628101348877,0.024672411,0.038622048,2.5176132398602955,0.0,40000,6.244954824447632,0.8058769081606427,0.6485590273259956,14.95928818019031,0.0
17,16.519583225250244,4.8223548613889,29.082281565315977,245.96068038190435,-13.877181462711699,0.0,0.6867277,1.5137931383024186,0.05,0.022075653076171875,0.639681339263916,0.024851019,0.03468587,2.748087402013156,0.0,40000,4.828559875488281,0.7656911194093627,0.6389464329538468,86.12568872442438,4.0
18,18.561466455459595,13.076647934527717,55.95569793077222,536.7273975873261,-9.531104138429518,0.5,0.68865824,1.4510874310366177,0.05,0.025884628295898438,0.6918203830718994,0.025314277,0.03894233,3.7809434552646124,0.5,40000,4.770526170730591,0.8435537044641285,0.7321512921290007,15.619173123078058,0.0
19,16.905985355377197,13.735512913843632,41.345471493480034,293.3172251258549,-10.054507563009587,0.0,0.68722665,1.3866643503656852,0.05,0.026502609252929688,0.6584610939025879,0.024762452,0.03885464,4.7764004011225145,0.0,40000,5.3517866134643555,0.7502429544788044,0.6563528311575866,15.812406896009456,0.0
20,20.613507509231567,12.226622681531854,40.414805049484386,373.0611811393443,-11.922131761514693,0.0,0.68710375,1.1988610338952286,0.05,0.0325772762298584,0.849661111831665,0.023498982,0.04166658,5.521422629163449,0.0,40000,6.796339750289917,0.675143696894435,0.5650111879781772,33.14633526873617,4.0
21,19.498461723327637,11.785932373001613,47.41574791048114,505.8744425233544,-11.226718851577871,0.5,0.6875979,1.2839477983604344,0.05,0.020873308181762695,0.6810040473937988,0.0245404,0.04907944,6.147873603547265,0.5,40000,4.880791902542114,0.8297517082924692,0.718687820556368,71.8880351204907,4.0
22,18.122933864593506,12.931315745839763,40.13042183911568,297.1120953462879,-6.50502442313881,0.0,0.68762314,1.4303876987658841,0.05,0.03354930877685547,0.6459600925445557,0.025109008,0.03638417,6.826217817776516,0.0,40000,4.652036666870117,0.6347937664007994,0.5215630495909257,42.45093235203686,4.0
23,17.01310086250305,22.000041677666218,79.32471934092811,667.6638080408162,-13.924723062436131,1.5,0.6874657,1.4997106384743304,0.05,1.1556358337402344,25.793407917022705,0.024431568,0.036612276,8.343600203765487,1.5,40000,61.43372845649719,0.7920773483842852,0.6990895515193934,21.38152344180613,0.0
24,15.620805263519287,18.182213015071024,48.839700171599326,326.82867778105293,-10.249382029931986,0.0,0.68687344,1.3393186005047046,0.05,0.029416322708129883,0.7481763362884521,0.025451066,0.04107153,9.327461484896041,0.0,40000,21.047078609466553,0.7241821931969055,0.5998528048461172,16.914665698868408,0.0
25,15.541735410690308,16.883310377885653,47.3244981490491,287.5854518511813,-10.522345740629875,0.0,0.68661666,1.4177724921495822,0.05,0.3218519687652588,20.330268621444702,0.025115235,0.040872302,10.083046374195002,0.0,40000,78.12539601325989,0.7467239551763407,0.6040009684974578,44.5219799411212,4.0
26,16.721338987350464,28.775706830677024,90.40845175406093,642.7646936420938,-9.469187302075849,0.5,0.68634105,1.5182947982569668,0.05,0.5449140071868896,18.78028392791748,0.024982171,0.036028057,11.952312419843205,0.5,40000,97.07739496231079,0.7581108235136165,0.6408165705176604,59.05570754971777,4.0
27,18.241581916809082,23.187456432500166,65.84636990736,493.7288441573702,-12.78670028184491,1.0,0.68689704,1.3956901438442366,0.05,0.022181272506713867,0.6646580696105957,0.024696082,0.0356534,13.075826821108901,1.0,40000,4.641848087310791,0.6905568922173011,0.5744482747556319,62.06658326040225,8.0
28,19.047450304031372,35.32615345106413,107.55093765843841,800.2538517097282,-12.313963116063626,2.0,0.6854683,1.4015773159169063,0.05,1.4661288261413574,28.1257963180542,0.0247819,0.041231245,15.300859484104423,2.0,40000,50.002740144729614,0.7119261690573607,0.5832304940495239,80.46332720255666,8.0
29,17.027318000793457,23.16334535054554,91.87055460266527,950.5568292868576,-9.521200102546132,1.0,0.6861664,1.5449079061173252,0.05,0.1365649700164795,9.305466651916504,0.024847304,0.032307845,16.087108070748535,1.0,40000,83.47129535675049,0.842760179152604,0.47140044267548015,66.8157056202169,4.0
30,19.135860681533813,30.101151360122703,99.77525120674754,931.508168261106,-6.900559095067446,1.5,0.6862243,1.4518160094591184,0.05,0.07886624336242676,5.463557481765747,0.025421746,0.038852494,17.488512399685952,1.5,40000,98.74739027023315,0.7120534467986792,0.4890080257403552,45.641470595705954,4.0
31,15.909365892410278,33.85448237370634,94.40524272835911,744.9661200622378,-11.861077978332187,2.0,0.6851648,1.4870788988312715,0.05,0.029130220413208008,0.689746618270874,0.025102546,0.03704236,19.125109397087993,2.0,40000,6.051347017288208,0.7565970582710106,0.5434008809835907,55.973372687344074,4.0
32,19.366484880447388,50.08352129434977,128.0823134824188,879.4711849358015,-12.993625733013879,4.0,0.68477,1.501657059876715,0.05,0.02002692222595215,0.7302861213684082,0.024956476,0.03548332,22.220950586814173,4.0,40000,4.605494499206543,0.7167973455700289,0.5555624653247557,171.48104668716448,16.0
33,16.189141750335693,40.882831794354544,114.57482546691641,752.9591910042012,-9.647261102147194,2.5,0.6849997,1.4471973104149134,0.05,0.9744889736175537,1.1811163425445557,0.025478031,0.036572173,24.087138707568208,2.5,40000,85.79624772071838,0.6925559778711404,0.548723840713533,164.42832751118246,12.0
34,17.953747987747192,41.18052783788007,108.2663544443035,926.0962782303153,-15.106096458918257,1.5,0.68453956,1.3599815225456822,0.05,0.15762877464294434,11.980024576187134,0.025363732,0.040565558,25.796477620599397,1.5,40000,37.058449506759644,0.7472302894261841,0.6053814523936004,205.17279912673283,20.0
35,16.033345937728882,43.435689104957056,110.73025346737163,1095.50086206295,-9.232042243323795,2.5,0.68498254,1.3390862802164203,0.05,0.35411572456359863,8.512951374053955,0.025026957,0.039021235,27.560398769035164,2.5,40000,105.6793839931488,0.7077839132743803,0.5613568202314922,248.9762329533952,16.0
36,18.016560554504395,60.853820731748804,209.93746601118804,1694.035007998166,-6.7400231017927,3.5,0.68444216,1.5375920141905597,0.05,0.02071380615234375,0.6645731925964355,0.025465216,0.03257076,30.88974096530653,3.5,40000,4.792019605636597,0.721094658964326,0.5570826039999549,194.68300776656727,12.0
37,16.89863109588623,59.577335579565585,121.29183664210247,590.8934373339091,-10.350448289184271,4.5,0.6840708,1.4934485663964623,0.05,0.02036309242248535,0.7102127075195312,0.024874706,0.033307515,33.75850042673244,4.5,40000,18.628591775894165,0.8599425826941296,0.5524960970238312,235.29458444799823,12.0
38,18.26261806488037,76.78712106238589,207.2845065422783,1290.7508098658832,-11.333601235994598,4.5,0.6840722,1.492215107093786,0.05,0.022334814071655273,0.7405862808227539,0.024986237,0.03764471,38.06136249029779,4.5,40000,4.7799882888793945,0.7252983457732691,0.5904809545959367,238.78315133436436,16.0
39,16.956942081451416,61.42474183440188,163.8765233424612,1271.695539014208,-9.204359845195876,4.5,0.6843202,1.4744962242567963,0.05,0.04828977584838867,7.519249200820923,0.024956064,0.03395188,40.3977004247082,4.5,40000,88.72670531272888,0.8621889245174224,0.5462358679780143,260.5081843859006,20.0
40,17.94957447052002,95.46804455306345,237.6880157835393,1801.0360586273769,-12.378202570276402,6.0,0.68351066,1.5390935834208335,0.05,0.020953655242919922,0.6943666934967041,0.025164548,0.03402552,45.90473483754372,6.0,40000,4.816122531890869,0.6475714672075934,0.5503598959852204,215.54735637127627,16.0
41,17.805418014526367,64.09084539967402,143.9272984933781,1017.6699747893979,-6.341890940619518,4.5,0.68414944,1.507356502330927,0.05,0.7956867218017578,23.04360604286194,0.025231665,0.032850903,47.72334589375675,4.5,40000,67.17601537704468,0.7156564714558175,0.5380602397558238,246.3656886337237,16.0
42,18.7756507396698,93.07535016183155,190.89678541483136,1490.211159273091,-12.930524503211615,7.0,0.6844878,1.4057116884444794,0.05,0.23259973526000977,23.196144819259644,0.024757497,0.037581574,52.258546320564236,7.0,40000,81.56249809265137,0.6021828202605854,0.462855067650361,401.70522929557313,24.0
43,19.049498796463013,85.16801639070498,198.619264293257,1696.6507025294065,-12.754562332573963,5.5,0.6845732,1.4748700436345705,0.05,0.021334409713745117,0.6784882545471191,0.0252674,0.035367243,55.54949332757831,5.5,40000,4.489098072052002,0.6188387975005087,0.5035138315716381,249.13288987164356,16.0
44,19.363747596740723,114.8433585726461,241.46119400584408,1828.7642930153875,-7.568611411141163,11.0,0.68471634,1.57427002331194,0.05,0.04201102256774902,0.8050165176391602,0.025313187,0.032811515,61.47887985208509,11.0,40000,7.004486322402954,0.6040918771795657,0.4872380958089266,303.4018352907948,20.0
45,20.327754497528076,77.86469268224474,173.6097703431773,1435.5411238586425,-8.802437354799586,5.5,0.6845386,1.4531549346569586,0.05,1.4676063060760498,27.04201340675354,0.025522558,0.034573916,63.11746113510106,5.5,40000,53.41915726661682,0.6525018869972916,0.5288851938353688,367.1783793558941,24.0
46,20.597272396087646,114.31392636612699,238.39393726159076,1545.3155525247976,-7.98730335735018,10.0,0.68325365,1.5778320364705467,0.05,1.4198517799377441,30.015071153640747,0.025168134,0.033614878,68.23710765820366,10.0,40000,39.94628715515137,0.6271059115854707,0.5079559399473547,294.41061500017736,24.0
47,19.139994859695435,136.3699822774023,293.82758217024605,1843.688106879714,-7.1186574613887545,11.5,0.6842003,1.5105526259674216,0.05,0.02196979522705078,0.6313877105712891,0.025143307,0.034640558,75.05039512012353,11.5,40000,4.57070255279541,0.5800987019524648,0.45569835976172496,282.2000588252416,24.0
48,20.519507884979248,124.35716833744216,253.68709406403102,1373.4277715571386,-12.224067192806546,9.5,0.6829222,1.4443218268449645,0.05,0.031575679779052734,0.7064921855926514,0.024992513,0.03480914,79.98107244185539,9.5,40000,4.738909482955933,0.5877491070981955,0.44289690678034965,320.0816505937305,28.0
49,18.276854038238525,104.65208533072877,197.3032039925594,1124.9815671017132,-7.2931189792531645,8.0,0.6839157,1.475772071197007,0.05,0.022505521774291992,0.7203834056854248,0.024912616,0.03455953,82.44817373074274,8.0,40000,4.551158428192139,0.5780546453536617,0.42414579580299916,347.3066185637326,28.0
50,20.4622962474823,139.19867748096704,260.35892765875076,1493.3100772354908,-15.40013004790429,12.0,0.68238753,1.5797096897278402,0.05,0.02233409881591797,0.7691304683685303,0.025178311,0.03172263,88.12322410576517,12.0,40000,5.897244691848755,0.585872951702811,0.4372795818156386,303.0921956827975,24.0
51,19.5213623046875,193.56784550195934,360.7054737704801,2656.4363540010577,-11.682880490723397,15.0,0.68137765,1.496774102495563,0.05,0.02191615104675293,0.8387606143951416,0.02488109,0.034715835,98.6676862453846,15.0,40000,4.486132621765137,0.5145808813871876,0.44120895700364626,239.59750045466197,28.0
52,21.934832096099854,140.8378716561112,222.4379066367214,1202.6290933184835,-11.747275362236653,13.0,0.6824281,1.4321217637808303,0.05,0.01945328712463379,0.6098418235778809,0.025294637,0.033389546,102.88470478645726,13.0,40000,4.09670615196228,0.628270570267193,0.4274174154903366,283.56066044247143,24.0
53,22.225868463516235,143.44323899829112,280.43420291652876,1954.5280153302958,-11.893039961431668,11.0,0.6820569,1.5608856849640969,0.05,0.1460878849029541,6.182231187820435,0.025138922,0.033532098,106.94055820764066,11.0,40000,14.984607219696045,0.5752260725119241,0.4320921990348172,341.3517577330091,32.0
54,17.77964448928833,235.18721869549591,380.0700110026563,2028.0029133943299,-13.47349363575608,22.5,0.6809335,1.469557711386098,0.05,0.02050924301147461,0.6376175880432129,0.025150793,0.03520636,119.7652242564262,22.5,40000,5.009435415267944,0.5235837818609606,0.4506144696476703,342.10400065915945,32.0
55,18.76096200942993,201.4176188750581,369.51298019252164,1869.6570403089172,-11.304971254613188,15.5,0.6819978,1.4508584676500178,0.05,0.024264812469482422,0.6831583976745605,0.024826486,0.034377,127.93046371828939,15.5,40000,5.567402601242065,0.5460268039300735,0.45693858691771105,314.36396001109955,24.0
56,19.42831540107727,218.62692229006615,334.3726231697691,1697.3254635027315,-9.020328361356414,18.5,0.68144345,1.5099850293407377,0.05,0.0218048095703125,0.6581366062164307,0.025280703,0.033008862,137.00010957546706,18.5,40000,4.723818778991699,0.5076210513981223,0.40947458667586095,357.67698336250197,28.0
57,20.588826179504395,241.99894697352903,382.54854814249063,2387.472883704792,-11.460516733948007,24.0,0.68128175,1.4910313130112616,0.05,1.2160072326660156,24.765594959259033,0.025241401,0.03467902,147.49999331527326,24.0,40000,58.905097007751465,0.5204451629218102,0.4277535153763292,343.9368472599963,24.0
58,19.741958141326904,274.5308867204075,391.2580342850828,1711.4569441123622,-13.572926498639529,24.5,0.67932105,1.4526000340836338,0.05,0.0524592399597168,0.9565443992614746,0.025037365,0.03501097,160.2030826557867,24.5,40000,6.734373569488525,0.4467952618597467,0.3481109944769123,404.34605368455783,40.0
59,21.362794160842896,336.5402559410548,479.8842755776119,3086.184349460224,-8.271239408409093,30.5,0.67975116,1.5356904560968563,0.05,0.020838022232055664,0.6691453456878662,0.025076048,0.033656005,177.8367999843135,30.5,40000,4.633523225784302,0.44354915499501735,0.3662492873356164,474.97785648185214,32.0
60,19.218666315078735,363.3054568394387,525.8914280627821,2369.161634083132,-8.009998039196013,30.0,0.6800171,1.5050604002026868,0.05,1.0691413879394531,24.214407682418823,0.024963843,0.032925084,196.38366566982603,30.0,40000,57.18273425102234,0.4426161391030403,0.33463549595852565,636.4668289824909,40.0
61,17.657026529312134,408.1724623477972,523.5662976518374,2834.203063781157,-12.92520331874619,37.0,0.6788273,1.4919769473505424,0.05,1.1664505004882812,24.620954990386963,0.024924308,0.033412706,217.56254533762316,37.0,40000,95.45289373397827,0.46821201188175826,0.3749064807676912,740.3178895123935,52.0
62,18.991502285003662,393.64656612998544,529.0801104076518,2574.424147345809,-14.201015060362312,33.0,0.6797692,1.515506841005948,0.05,0.020648956298828125,0.6919651031494141,0.025094938,0.033035785,235.1709474168594,33.0,40000,4.535795211791992,0.37487739427351735,0.3167387704251598,756.5814223397622,48.0
63,20.01744270324707,458.6338967614714,526.2961700234226,2338.189275981492,-9.766712962409255,42.0,0.67770725,1.5732804362417014,0.05,0.020134925842285156,0.5990941524505615,0.024881966,0.032252084,257.51724235132065,42.0,40000,4.256112813949585,0.3882865372819901,0.3172164739009247,864.5701439321958,52.0
64,21.139545917510986,505.87837377166665,602.5769454178298,2466.249598032524,-12.439742740479113,41.0,0.6772592,1.505133306552773,0.05,0.020094871520996094,0.6731827259063721,0.025097968,0.03310733,282.35335549335525,41.0,40000,4.304210662841797,0.3506705104415995,0.30107157463932016,786.4065483292425,56.0
65,19.51654052734375,453.2297011409397,537.1645849665236,2169.289568368322,-5.67517183391374,39.0,0.6787261,1.5115584300474776,0.05,0.174544095993042,13.328554391860962,0.025791943,0.033455275,299.4409900581137,39.0,40000,52.28921413421631,0.38638278111830976,0.3108589338460878,856.9668031735308,60.0
66,20.34254479408264,505.62687204138956,543.1935416873052,2361.574770705274,-12.981602871892699,47.0,0.6781291,1.5104513921206577,0.05,0.019974946975708008,0.6352837085723877,0.025134807,0.03284259,320.0595782564413,47.0,40000,5.0253660678863525,0.3755241415631975,0.31617975532580456,986.891187892201,72.0
67,22.93265962600708,715.0373699829754,622.8525112107573,2453.9467948166302,-11.688845889236823,60.5,0.67562544,1.473485147925342,0.05,0.2505500316619873,5.2518041133880615,0.025077404,0.033557434,359.5573574290947,60.5,40000,69.74851512908936,0.3223534353924915,0.2404889136118626,982.655465063431,64.0
68,20.73832130432129,756.7664889944186,685.4826242640903,2993.736637913912,-14.077003962986236,58.5,0.6755532,1.4600009233996092,0.05,0.030298709869384766,0.8045518398284912,0.025072018,0.03351399,399.2782705856271,58.5,40000,6.398170232772827,0.3126365301353721,0.2605064329591776,1089.3165229847189,68.0
69,21.691606044769287,750.125968373521,744.0642983939983,2779.782724073494,-7.775188872452762,55.0,0.6745568,1.5404609789357928,0.05,0.025765180587768555,0.744896650314331,0.024833389,0.03235201,434.3630403644165,55.0,40000,4.393752098083496,0.29128088873713287,0.24280502923780456,1078.669786323359,64.0
70,22.818772792816162,746.564625938559,713.7880044631025,2792.4166818531676,-9.935728381990188,57.0,0.6749363,1.486974166110061,0.05,0.8656494617462158,28.72799277305603,0.025253106,0.033785235,465.5831989218308,57.0,40000,32.73872089385986,0.27728548719648577,0.23828223856932473,1228.2832217048403,84.0
71,20.337909936904907,854.9704204114616,794.1430746925221,2976.280704327662,-16.980182570565823,60.0,0.67418444,1.5146925972397618,0.05,0.020478010177612305,0.6415791511535645,0.025024895,0.03290527,504.5219210707939,60.0,40000,4.04527473449707,0.28916603060985224,0.23426035196537534,1074.9069711075842,72.0
72,22.716928720474243,951.5418574072246,789.66771012825,3372.580794665034,-4.96613335803485,66.0,0.6715864,1.519590593934108,0.05,0.021919965744018555,0.6453309059143066,0.025139019,0.03326662,549.223914704437,66.0,40000,3.9738035202026367,0.24083637878607378,0.2011262022328589,1108.4150163947493,76.0
73,19.380094051361084,929.4743989706927,754.1313457577276,2887.94273831159,-13.882268855982518,68.0,0.67231554,1.4837991721506127,0.05,0.02069258689880371,0.6501553058624268,0.024942694,0.033414975,587.2489631310625,68.0,40000,4.514340400695801,0.25468679066898875,0.22032463142770112,912.7326614533662,80.0
74,20.538537740707397,1063.1991219094714,888.2475900186829,3346.4141859974557,-9.055174580833153,68.0,0.67205626,1.5015875584283134,0.05,0.02184009552001953,0.6835691928863525,0.025319617,0.033313386,634.8439790089035,68.0,40000,11.15604305267334,0.24566138418020408,0.19465865573685648,1132.9259076967237,84.0
75,21.744765520095825,1136.4747594180446,888.0592120799445,3220.3993685958853,-13.584314372730756,71.5,0.670895,1.4620965120281435,0.05,0.020552873611450195,0.7096588611602783,0.025061525,0.033928964,685.0070570498176,71.5,40000,4.186523914337158,0.2272116054179389,0.20840114094739393,1486.8930291961606,84.0
76,22.644033908843994,1065.7941791590938,915.3901850692735,3095.650576619117,-4.987908909252572,66.0,0.6702744,1.4468172261868268,0.05,1.2783722877502441,21.341301202774048,0.025291743,0.034746036,723.0857692607452,66.0,40000,29.058216333389282,0.24901187793891685,0.20903932128786498,1313.6900890813465,76.0
77,20.455668449401855,1246.646489927167,933.6003968980824,3367.8665295766455,-11.068548500648545,73.0,0.6689404,1.4348319128028149,0.05,0.022006511688232422,0.9834702014923096,0.02530165,0.034653187,775.4418413273875,73.0,40000,46.565773487091064,0.1919343572294751,0.16631366731633804,1694.7608822410211,92.0
78,21.685710668563843,1454.1539435871628,881.3324129275917,3436.9978587124087,1.1183733538208007,81.5,0.66660404,1.5323647585984808,0.05,0.1005706787109375,13.95396089553833,0.024998605,0.03259849,843.3130515533651,81.5,40000,45.65155243873596,0.16572414967378885,0.13534380570990467,1898.0092950458516,92.0
79,19.526392221450806,1213.4819320576642,1034.330954498061,3783.6156374294824,-13.303852019117029,65.0,0.6688063,1.4782780094098946,0.05,0.02163386344909668,0.6858260631561279,0.02504224,0.03385707,880.329939603795,65.0,40000,4.208798170089722,0.2043204604088668,0.17316920039845765,2190.2375775705013,92.0
80,23.091942310333252,1387.8052215267182,1056.5112785593005,4106.284193097914,-6.016705349811354,75.0,0.6665811,1.5083953718848224,0.05,0.021308183670043945,0.7375845909118652,0.025267377,0.03262795,931.0774677960874,75.0,40000,4.798942804336548,0.1910793995535192,0.164467844415564,2018.378462074355,96.0
81,22.378264904022217,1515.9474496537575,1028.5429494018006,3710.199627721633,-5.534294626896698,77.0,0.6653621,1.4440254892370505,0.05,0.03382587432861328,0.868596076965332,0.025169764,0.033969983,989.5644659818544,77.0,40000,5.536440134048462,0.1619572029113208,0.13917223772562,1999.536480590915,92.0
82,24.137617111206055,1715.7488309069997,1015.6127214264682,3765.353678699258,-4.4787037231823446,84.5,0.663378,1.486867128863348,0.05,0.020151376724243164,0.6364939212799072,0.02494946,0.033326097,1062.182902474369,84.5,40000,4.773187160491943,0.1416012640478997,0.12330645876455651,2148.894161870505,84.0
83,23.402174472808838,1771.6880083212209,1030.5930009665828,3573.891119678293,-9.74055327858843,83.0,0.6624151,1.5221841548208896,0.05,0.020374059677124023,0.7566385269165039,0.02507966,0.032342076,1133.1334130590542,83.0,40000,4.932656764984131,0.13626751291740336,0.11866796988733501,2204.541475740138,96.0
84,22.27558135986328,1849.7784589388832,1102.9204897665034,4166.94446351454,-4.276344343708069,85.5,0.6616127,1.497271966086469,0.05,0.02066183090209961,0.6822693347930908,0.025044927,0.032988418,1204.7979176470371,85.5,40000,5.668402910232544,0.12679014532070548,0.11279172767214841,2075.0722006288775,92.0
85,24.016233921051025,1711.1899025317462,1114.9505865834044,3965.9928052315954,-9.348508506958497,81.0,0.6624937,1.4892099535752472,0.05,0.023032665252685547,0.7289891242980957,0.02515686,0.03318448,1255.4371161355082,81.0,40000,5.177335262298584,0.14258371041654247,0.12292034584064028,2007.9363171898208,96.0
86,23.3835608959198,1894.590598273582,1141.3170876034771,3822.782680109395,-2.952561388988636,80.5,0.66184384,1.5200131897640403,0.05,0.13062596321105957,1.3057100772857666,0.025276566,0.03274719,1319.3524643493156,80.5,40000,4.629269599914551,0.1253724275193372,0.10633117582134079,2159.366380221123,80.0
87,23.790245294570923,2164.700085450271,1102.3219974757997,3984.7564747294687,-10.954895884378054,87.0,0.6578208,1.5069655350749431,0.05,0.02635812759399414,0.6668336391448975,0.02522822,0.032909818,1403.8872264594113,87.0,40000,4.5897321701049805,0.09921532648771708,0.08684358807260224,2095.8111730951964,80.0
88,23.84811568260193,2190.3366322267925,1218.5818824091696,4189.485921732115,-5.216577608569419,85.0,0.6590452,1.484331463764355,0.05,0.021172523498535156,0.6802926063537598,0.025185937,0.032432217,1482.5321670361495,85.0,40000,4.462346792221069,0.10528319831392578,0.09366720707951426,2564.4420775203052,96.0
89,22.06140112876892,2174.0001619663635,1205.187193637267,4012.0686956702893,-4.8569086544137265,85.0,0.6574401,1.4271473797012932,0.05,0.020607471466064453,0.6282305717468262,0.025216505,0.03430397,1551.678966529171,85.0,40000,11.208009719848633,0.1156537475287612,0.09839932500852476,2683.9704923331274,88.0
90,21.403924226760864,2213.7434447577066,1240.7950381729222,4643.294541529407,-9.353714321235337,84.5,0.6567471,1.5104648716738054,0.05,0.01997995376586914,0.8359758853912354,0.025006913,0.032270033,1617.8854143520246,84.5,40000,79.3210563659668,0.10079000552365322,0.08591969960767085,2585.3041677145775,88.0
91,22.30809736251831,2454.022152641598,1157.6609685744218,4101.70474023545,-11.052603700581255,88.5,0.65413475,1.50050635839093,0.05,0.024462223052978516,0.6800675392150879,0.025445173,0.033055447,1701.499088180982,88.5,40000,79.5058240890503,0.07732046613024506,0.0648608693211649,2654.5928099727835,80.0
92,24.97402811050415,2316.087150977354,1263.7689412453728,4313.916527962357,-5.358747199056656,88.5,0.65507483,1.3891280411583096,0.05,0.04749178886413574,0.887592077255249,0.025439177,0.03507719,1762.9578944606194,88.5,40000,4.763019323348999,0.09843530406082256,0.08281974172972668,2623.2379680458957,88.0
93,21.771220684051514,2456.728537944733,1175.5400583234566,4252.877970738535,-6.033170287999237,88.5,0.6530148,1.4698146289067437,0.05,0.02016758918762207,0.6404571533203125,0.024657557,0.033745904,1832.334958809031,88.5,40000,8.297261714935303,0.09756878291073715,0.07681606591108632,2940.6606482732736,92.0
94,20.314470529556274,2516.318302462405,1105.5527148812369,4273.792577341784,-2.1759756268275408,93.0,0.6507413,1.4545527114092862,0.05,0.023947954177856445,0.6608853340148926,0.025088163,0.032975163,1900.7332931743683,93.0,40000,7.389798402786255,0.07836354148141886,0.06741190950286047,2846.0993439849767,96.0
95,22.333127737045288,2621.3078190683004,1229.0496753208963,4502.986169546861,-3.646262280646567,88.5,0.6499996,1.433049952088054,0.05,0.048326969146728516,0.7345833778381348,0.025138529,0.033943493,1972.7907457637616,88.5,40000,4.397554636001587,0.07010364037287731,0.060075114689081076,2901.1380653979404,96.0
96,24.00377058982849,2815.0283692482644,1125.3509144142458,4503.782556042319,-9.887037960926246,93.0,0.647259,1.433088380248836,0.05,0.0409390926361084,0.645688533782959,0.025034614,0.03513205,2057.014508112212,93.0,40000,4.328675270080566,0.06183546472058819,0.05331632854038165,2914.326730165102,96.0
97,22.142539024353027,2650.6249557431797,1342.93091786249,4510.3412398000355,-5.9570609666384176,86.5,0.6486167,1.4878633824525833,0.05,0.01987433433532715,0.6103463172912598,0.025315408,0.032721452,2116.3755528753086,86.5,40000,4.149137020111084,0.07260286549710585,0.060012716525835196,2905.0064767524163,96.0
98,24.188780784606934,2888.202422597229,1017.0113201641534,4514.095525010696,2.7635372646461405,96.0,0.64348936,1.5055656911993918,0.05,0.020691633224487305,0.7266891002655029,0.025219738,0.032296922,2193.5582398475008,96.0,40000,13.706457376480103,0.06605918778550253,0.049792869214469196,3005.2801138472923,96.0
99,21.724334239959717,2698.126580552121,1277.2712932744512,4497.622183765235,-12.683324143432099,89.5,0.6460773,1.4433957748357054,0.05,0.02169656753540039,0.7211990356445312,0.025117304,0.033050336,2244.015073917963,89.5,40000,22.153385400772095,0.07168333806062177,0.05735811192239429,2802.7596133743154,92.0
100,25.898577213287354,2810.3143037626583,1199.0769276632068,4399.225211536699,-6.109753618986639,89.0,0.64496255,1.3416208099344293,0.05,0.8672950267791748,4.434576749801636,0.025389928,0.037020434,2300.6449969024325,89.0,40000,4.883262395858765,0.06195824043284011,0.05247748786331828,3055.238431805466,96.0
101,25.744924306869507,3001.7390674245667,1119.9341670879355,4553.961656075022,-4.1681964112553045,95.5,0.6418792,1.4486015032194075,0.05,0.02037191390991211,0.6767406463623047,0.02497121,0.034371357,2370.7544039546456,95.5,40000,4.346784591674805,0.050822873337726,0.043352483244558815,2961.829174450164,96.0
102,24.526912450790405,3050.2598495027555,1274.6607735326206,4723.292235205103,-15.699573637380151,90.0,0.643432,1.420645896601946,0.05,0.0198519229888916,0.8170449733734131,0.025339518,0.033678975,2438.7049485094567,90.0,40000,5.243335485458374,0.0499026310580201,0.04283332131002134,3046.564345787682,92.0
103,22.28500485420227,2896.9375515787187,1237.233517145932,4455.154461149493,-3.5479236753150754,89.5,0.64232075,1.4838675106215962,0.05,0.5947763919830322,8.85309386253357,0.025429267,0.03277395,2484.5282088163826,89.5,40000,7.562204599380493,0.06851309707358001,0.05779414564563026,2904.9715884410584,96.0
104,23.97658348083496,3079.490394318268,1155.566474805868,4432.1452730580895,-0.4214862754634733,94.5,0.64006996,1.437957972454176,0.05,0.02077341079711914,0.7003707885742188,0.024961596,0.033601727,2544.024427366571,94.5,40000,4.579387187957764,0.05252774409353445,0.04316103235515216,3184.9451273173777,92.0
105,21.814138889312744,3093.3499644696917,1154.5461066282357,4694.852548206881,-3.741314296015423,93.0,0.6400418,1.4265885806679863,0.05,0.021576881408691406,0.7082090377807617,0.024973255,0.03297956,2598.9569810768835,93.0,40000,4.1975367069244385,0.05091575664885337,0.04256028411729994,3057.9048924621866,88.0
106,23.842841386795044,2938.8747482274525,1301.09108471028,4523.9249372745,-3.5400376953486625,89.5,0.6411162,1.39275695575678,0.05,0.022932767868041992,0.6866614818572998,0.025401331,0.034172982,2632.948757791941,89.5,40000,4.240633726119995,0.05308012062371157,0.04642975184748361,3141.2250989300355,92.0
107,23.56110692024231,3201.041780219557,1105.4337571122635,4595.611421997891,-3.551331964734617,94.0,0.63699394,1.431095461288921,0.05,1.059950351715088,25.523296117782593,0.025154453,0.03436899,2689.7580600347023,94.0,40000,38.663984537124634,0.044762633884051224,0.03558604037951409,3098.5984415018347,92.0
108,25.353124380111694,3220.3383394863317,1177.7041596348884,4688.7366973089975,-6.750025842821614,91.5,0.63617533,1.410770912212941,0.05,0.021079301834106445,0.7453992366790771,0.024831185,0.03356622,2742.816087979865,91.5,40000,5.007950067520142,0.04664522684911651,0.039900483080719286,3342.222503997656,96.0
109,21.752493143081665,3365.4429176045883,941.5223543336557,4696.947721153654,26.41546946667487,97.5,0.63264465,1.5255307523650932,0.05,1.2633795738220215,24.4929678440094,0.025226925,0.031391785,2805.0787709423375,97.5,40000,90.83925271034241,0.03602851260406112,0.02794419558356897,3480.0150710171515,100.0
110,29.53722047805786,3298.7753911779605,1054.84314276543,4515.19482425973,130.95964816421954,96.0,0.63212454,1.468242420263166,0.05,0.022940397262573242,0.6857578754425049,0.02534588,0.031750847,2854.4484329659,96.0,40000,3.928509473800659,0.03962644891241007,0.03204978334137283,3486.470279666648,100.0
111,26.738224506378174,3350.591131689403,1135.8540788727769,4590.950484529796,-4.3329898100546105,93.0,0.63335097,1.412305796142842,0.05,0.056156158447265625,0.7484521865844727,0.024848102,0.03334858,2904.06270283825,93.0,40000,4.521576642990112,0.042608786535602204,0.03596024231842127,3512.2664387746177,100.0
112,21.26358413696289,3261.9240007286962,1125.6295446579848,4622.8154275603065,-3.6992012771766007,93.0,0.6331173,1.390322895361701,0.05,0.025609493255615234,0.9398317337036133,0.02512905,0.035081565,2939.8488326272945,93.0,40000,11.603581666946411,0.04365385676693809,0.039503410300449716,3444.5016021934885,100.0
113,26.08479952812195,3480.6262546860776,922.7882054896639,4784.787402715825,0.37317940064409105,97.0,0.62828016,1.4656188212877495,0.05,0.02101874351501465,0.7303225994110107,0.025105685,0.03342635,2993.9265748331727,97.0,40000,4.96016263961792,0.03208827402432736,0.02562392137952269,3543.8693014859023,100.0
114,25.323258638381958,3364.1528464700846,1092.83473663466,4726.256738614189,2.004928977730389,94.0,0.6291775,1.4968296945991804,0.05,0.020499229431152344,0.6455743312835693,0.025014747,0.0331472,3030.949201996864,94.0,40000,4.481816053390503,0.04268263526304789,0.03466462171621751,3667.840312064409,100.0
115,24.03261423110962,3406.632282213768,1033.1549845926118,4602.424834738644,-3.473723851351656,95.5,0.628862,1.4988798021530023,0.05,0.022023677825927734,0.684152364730835,0.024676573,0.0308917,3068.5175100185543,95.5,40000,5.097554683685303,0.036889480672059986,0.0312150398716569,3639.645485480504,100.0
116,21.510332107543945,3346.67280619294,1158.9273816878574,4727.431154248062,-8.75244267174925,93.0,0.6291648,1.572726850107127,0.05,0.019983768463134766,0.6397719383239746,0.025246996,0.03022949,3096.333039635993,93.0,40000,4.299293279647827,0.03880041959774517,0.03136983951391197,3119.6649993211963,100.0
117,24.519242763519287,3432.8773562553733,1068.748506230378,4733.174348894448,6.704133803552685,95.5,0.6264112,1.422260804039041,0.05,0.021372318267822266,0.7661983966827393,0.025258115,0.033899292,3129.987471297931,95.5,40000,4.5979626178741455,0.033612773038090786,0.027280615459394194,3334.9633319262734,100.0
118,24.490872383117676,3533.1207492364083,986.4296219070433,4674.071746887153,11.728571752637214,95.0,0.6236985,1.384855794018245,0.05,0.027358055114746094,0.6583459377288818,0.025140394,0.03394116,3170.3007990917786,95.0,40000,4.382829666137695,0.03103016941200389,0.026259379481156506,3354.8931894705906,100.0
119,23.733216524124146,3509.709223962811,1066.8912033059432,4827.785782723339,-13.397264961302671,95.0,0.6249372,1.4831838212108452,0.05,0.02706599235534668,0.8502061367034912,0.025225624,0.031822305,3204.241641578882,95.0,40000,44.427085161209106,0.031251189032399325,0.02779246288168367,3244.3919316865927,100.0
120,22.64490008354187,3437.7901920798786,1153.6347849505128,4726.09503606177,-10.588496527351833,94.5,0.6255735,1.462271605391438,0.05,0.020870208740234375,5.782098770141602,0.024994131,0.032258473,3227.5964966289816,94.5,40000,4.908332824707031,0.037086187289468824,0.027981655553942903,3300.790474038052,100.0
121,23.70943307876587,3669.3530430273595,806.2216512783951,4696.890836512028,-4.076995666339611,98.5,0.6208136,1.4310326290319408,0.05,0.02187490463256836,0.7628953456878662,0.025272144,0.033937212,3271.7721512688195,98.5,40000,4.19400954246521,0.021135760704935894,0.016997433781030486,3120.93799947771,96.0
122,20.95647668838501,3493.235940847486,1171.7508132196742,4840.269900859382,-3.114200907952659,94.0,0.6239565,1.4023623113530346,0.05,0.8240988254547119,20.944191694259644,0.024994068,0.033455156,3293.918530226686,94.0,40000,71.94217252731323,0.03373007864459726,0.027929828427248646,3175.5086829494894,96.0
123,24.755746126174927,3544.5979256135706,1094.473092244251,4706.211678592025,-3.444518798138698,95.0,0.6231718,1.4045017296056823,0.05,0.03312373161315918,0.7609031200408936,0.024935013,0.035602175,3318.9864697653747,95.0,40000,5.009325265884399,0.026679052875311443,0.022577087486696977,3099.2359682294573,96.0
124,21.098596572875977,3595.2075297695765,1050.9868305858404,4705.192219342036,-5.410550074821379,94.5,0.620664,1.401691282710186,0.05,0.021641254425048828,5.9011876583099365,0.02496535,0.03431796,3346.608575765795,94.5,40000,32.255061864852905,0.027086388659231523,0.0203355178844764,3108.223062900719,96.0
125,23.59290862083435,3556.600350668344,1054.8182101684251,4860.084481262866,36.553451597012895,95.5,0.618842,1.441769008004603,0.05,0.022773027420043945,0.6882750988006592,0.02509871,0.033637505,3367.6077532560503,95.5,40000,4.354939222335815,0.032378297543589514,0.02560543318458626,3330.492489805722,100.0
126,21.303394317626953,3733.3075038311563,872.6328617990256,4920.784602171379,-9.493998091754289,97.5,0.6164417,1.5123384402299784,0.05,0.0207672119140625,0.6614542007446289,0.024663178,0.032402076,3404.177728313561,97.5,40000,9.428993701934814,0.022267164236990312,0.018092264105184466,3177.613421571843,100.0
127,22.95597767829895,3682.7641593300073,979.2048425690493,4636.370902162695,26.128588436040385,96.5,0.6164514,1.4141204165044319,0.05,0.020856618881225586,0.6783046722412109,0.025153477,0.03408072,3432.036371415206,96.5,40000,4.319320201873779,0.026576077764478928,0.02213857038082042,3170.7300050039125,96.0
128,25.71076464653015,3737.7932716337627,809.8205171192484,4910.686495040987,-1.983660394117732,98.0,0.6160954,1.4526883620436284,0.05,0.026415109634399414,0.6826777458190918,0.025111092,0.03439942,3462.6120614370616,98.0,40000,4.3412230014801025,0.01849191587464568,0.01416543926060123,3183.1979362797238,100.0
129,22.215296030044556,3802.149442919997,794.3980217761231,4697.193382393974,-4.456444352898376,98.5,0.61341745,1.5262141933612408,0.05,0.020757436752319336,0.6668474674224854,0.024922153,0.031865373,3496.5657995853553,98.5,40000,45.123693227767944,0.017472888461145086,0.01369906285762264,3027.924483892313,96.0
130,23.42909288406372,3735.526039681009,936.1861863387518,4898.589839151532,-2.475432807815427,97.5,0.61416405,1.364244456575942,0.05,0.024874448776245117,0.8604178428649902,0.025025789,0.034933418,3520.4618235949206,97.5,40000,4.467764616012573,0.026896132502305933,0.020446744131694113,3147.4312652924164,96.0
131,24.577049732208252,3758.610670438514,957.0599500224812,4901.2424946655665,4.361907151504727,96.5,0.61241174,1.3474873499039752,0.05,0.020787954330444336,0.7302436828613281,0.02523908,0.03331935,3544.2767082792802,96.5,40000,4.146918058395386,0.02455783318023126,0.018385378842265168,3406.7453622402745,100.0
132,26.03205442428589,3830.655779859739,933.9674443858252,4818.036907218041,0.5783811906115681,97.0,0.6105626,1.444811334689526,0.05,0.772064208984375,26.391177654266357,0.024917483,0.033389233,3572.914615437326,97.0,40000,27.157594919204712,0.020732250243160305,0.01598096792925835,3176.0917130560824,100.0
133,23.336548566818237,3800.3552779473434,884.7783569014657,4958.974131328346,174.81965572208534,98.0,0.6095098,1.387847077146629,0.05,0.5712652206420898,14.729860544204712,0.025016474,0.034000333,3595.6586816883278,98.0,40000,36.37021327018738,0.02151974185585789,0.018364490268545797,2935.7734020639728,100.0
134,25.272422075271606,3845.770383842024,838.8305155167349,5061.894663565466,-2.259267134901218,97.5,0.6071175,1.4667434202941414,0.05,0.880089282989502,18.363795518875122,0.024976578,0.032857034,3620.6698519036972,97.5,40000,69.41267013549805,0.018642702847890564,0.014622856894255796,3400.328875754797,100.0
135,23.822494745254517,3968.0338762356278,783.8009080824384,4871.5351602831115,3.822520697871287,98.5,0.60551023,1.4217397860503465,0.05,0.02038407325744629,0.6658399105072021,0.025348846,0.03217293,3655.4062543368905,98.5,40000,4.097977161407471,0.014994283556688128,0.011496057323521259,3664.9902697791554,100.0
136,27.438305377960205,3820.1802738794518,940.1618220367814,4913.332015310491,-4.989672585323418,95.5,0.6060015,1.3210459138927013,0.05,1.4481141567230225,14.01804780960083,0.025210446,0.03449278,3671.8836562911465,95.5,40000,34.34659790992737,0.018747249684852623,0.014498364537306513,3708.517063357433,100.0
137,24.134698629379272,3886.1020605759754,980.6506280119936,4953.156591824633,22.097068509942762,96.0,0.6045056,1.4864900496597087,0.05,0.02105402946472168,0.6671571731567383,0.025204403,0.03258278,3693.3054967196294,96.0,40000,3.868959903717041,0.019173558417110766,0.015220081680661222,3441.354744227131,96.0
138,24.98164463043213,3911.9346011332004,757.7658048946889,4930.061909026029,13.076809451760427,98.0,0.6002375,1.3097808570803418,0.05,0.029511690139770508,0.6854908466339111,0.02549942,0.03604346,3715.168407160987,98.0,40000,4.509249448776245,0.014442475371305082,0.010851056784292707,3216.1953494470317,100.0
139,26.752399682998657,3879.304652812618,818.1492841858665,4849.2450191059725,1.825277102381265,99.0,0.6014462,1.3729974571854617,0.05,0.021309852600097656,0.6301758289337158,0.02507103,0.034604743,3731.5820317261505,99.0,40000,3.8288631439208984,0.018698451683281804,0.015160966465361742,3371.671643319909,96.0
140,23.15148138999939,3855.797905610578,779.626447956188,4845.259071458473,10.102387482835686,99.0,0.59948725,1.36330970492482,0.05,1.107405424118042,26.168704748153687,0.024759019,0.034308303,3744.0036191145937,99.0,40000,46.725327014923096,0.016222772045254654,0.013109162378970099,3423.386559677975,96.0
141,23.51471710205078,3887.37200947606,836.5948726640665,4941.767336735294,-1.702534523863268,98.5,0.5983734,1.4266619170588124,0.05,0.04420351982116699,10.21199107170105,0.02536407,0.032461103,3758.3404581507407,98.5,40000,70.55434513092041,0.016481734849380543,0.013580941042458036,3322.8087823891155,96.0
142,19.911478757858276,3977.0613671268907,775.8243651878921,4941.210273990343,248.0644200389812,99.0,0.5945637,1.4182916566941908,0.05,0.022909164428710938,0.7496011257171631,0.024829667,0.03357542,3780.2125490483554,99.0,40000,4.091740369796753,0.014821933588330413,0.012601299936580839,3533.746991392009,100.0
143,28.191333532333374,3787.841663742447,926.7416691653673,4899.400642034836,2.813943413708822,96.0,0.59723115,1.4189071068154984,0.05,0.27704405784606934,11.349228858947754,0.02512374,0.03335565,3780.9754605177645,96.0,40000,12.129325866699219,0.021448762589988474,0.01689243518689398,3438.663516539918,100.0
144,25.684553861618042,3779.364870664481,1025.918399456201,4872.000067376896,4.950237309188818,97.0,0.59769917,1.3479148423523515,0.05,1.0739936828613281,20.608116149902344,0.02486149,0.03460632,3780.814401532436,97.0,40000,86.52783370018005,0.022452119171742346,0.01821620078970951,3234.9300954544333,100.0
145,25.342721462249756,3938.7162592057102,801.6678442398357,4980.887749311971,198.61267886204655,99.0,0.5926311,1.3951425877088004,0.05,0.019381999969482422,0.6651318073272705,0.025171973,0.03520273,3796.604587299764,99.0,40000,4.8675267696380615,0.019804847814555857,0.014956245336525679,3329.203905432967,100.0
146,24.7509503364563,3925.8864062660155,862.4362591502147,5035.124045753187,135.7641447391046,98.0,0.59202087,1.40220612082961,0.05,0.020323514938354492,0.6605114936828613,0.024998778,0.034187373,3809.5327691963894,98.0,40000,4.081010103225708,0.018976650661568423,0.014869897481756655,3503.062681496683,100.0
147,26.06584358215332,3840.384920865516,985.7913186210368,4923.1320308135,27.240937835453327,96.5,0.5932696,1.5531608499453131,0.05,0.019937992095947266,0.6311392784118652,0.025134651,0.0304255,3812.617984363302,96.5,40000,3.6817588806152344,0.02237471775912619,0.017947935001137814,3186.3043953679635,100.0
148,31.04329752922058,3922.4364750158443,943.3057965268348,5066.204904942734,11.256010584244235,97.0,0.5895185,1.3870093975625275,0.05,0.03333735466003418,0.7377195358276367,0.025239222,0.032432564,3823.5998334285564,97.0,40000,4.421607971191406,0.020808642508024233,0.016531765474875105,3404.44722691029,100.0
149,25.046324729919434,3961.108362550826,877.2904462286294,4995.227870313803,5.627222186407259,99.0,0.588702,1.4372962268558651,0.05,0.020796537399291992,0.643963098526001,0.02514518,0.033361614,3837.3506863407833,99.0,40000,3.8566529750823975,0.0228965042267759,0.016665087353304252,3406.534458558209,100.0
150,24.100978136062622,3756.3745229954225,1184.0736528508523,4895.682834855607,1.5380079144858505,95.0,0.5931643,1.4209746159595649,0.05,1.1311893463134766,14.015759229660034,0.025069077,0.0337681,3829.253070006247,95.0,40000,13.532597303390503,0.029933303212634894,0.023396637475327105,3618.385825282849,100.0
151,26.646989345550537,3886.250250030598,1062.9758734655136,4872.4521848755285,-4.976811080106409,95.0,0.5875739,1.3278964496973134,0.05,0.02215290069580078,0.6190705299377441,0.025022836,0.0352885,3834.952788008682,95.0,40000,4.185129404067993,0.019430260196008346,0.014180183552083832,3739.1591686098755,100.0
152,28.371809005737305,4061.1213117465168,832.6305892918076,4984.600786380107,-2.5824034049338818,97.5,0.5838553,1.27003993237119,0.05,1.058605670928955,7.886438369750977,0.025153719,0.037038844,3857.569640382466,97.5,40000,42.07883620262146,0.015848900359310088,0.011516769517041175,3780.175790434107,100.0
153,25.355242252349854,3991.914428781924,876.3349266236623,5096.646783956309,0.19769779670859977,98.0,0.5851529,1.39952606019264,0.05,0.02120518684387207,0.6948468685150146,0.02476193,0.03382583,3871.0041192224116,98.0,40000,4.6755616664886475,0.016387629591682353,0.012581265439150217,3920.3382141976513,100.0
154,28.995034217834473,4041.7803965541652,820.9215721566403,5065.42983355889,-2.2391503079811437,98.0,0.5827137,1.3307053354374827,0.05,0.053026676177978516,0.612166166305542,0.024934506,0.03429974,3888.081746955587,98.0,40000,4.232912302017212,0.016016728252324218,0.011998929464763114,3994.2377374750095,100.0
155,24.974863052368164,4072.979268524736,804.8858190313963,5096.2506690873015,16.76092202989194,98.0,0.58065456,1.3078089393591235,0.05,1.236797571182251,20.81615161895752,0.025140049,0.033905536,3906.571499112502,98.0,40000,44.93862795829773,0.013838159291228284,0.010296621275250377,4044.7580415611715,100.0
156,22.42106318473816,4005.3682632849286,920.6803449215206,5001.175514973482,15.515001166944396,97.5,0.58102506,1.4747761140413038,0.05,0.021432161331176758,1.2766268253326416,0.024770722,0.032121092,3916.4511755297444,97.5,40000,5.471726894378662,0.016986252905152325,0.013094746222593517,4094.9916564282216,100.0
157,24.503722190856934,3967.0223483887403,992.091723785079,4995.017640545801,20.353161288954038,97.5,0.5820381,1.372605531154046,0.05,0.022799968719482422,0.7794506549835205,0.024927704,0.033300385,3921.5082928156444,97.5,40000,4.3368916511535645,0.022305109806505144,0.018286681559174622,3964.3475404018336,100.0
158,27.36728835105896,3970.010989381692,1024.9059325093924,4924.193927373587,16.284958604488093,96.0,0.5803509,1.4066178948060546,0.05,0.020305633544921875,0.8328931331634521,0.024831744,0.033142786,3926.358562472249,96.0,40000,4.594228982925415,0.02206546730822302,0.018673539062919575,3985.9187259899395,100.0
159,21.96228861808777,4036.5370489624142,918.7681987829116,4932.223968209566,-5.495103368197673,96.0,0.579375,1.3303692136137988,0.05,0.0230410099029541,0.6661322116851807,0.024899147,0.03653329,3937.376411121266,96.0,40000,4.312786340713501,0.016027326543200764,0.012133945328273934,3885.5598808065492,100.0
160,23.72494673728943,4089.09933558097,813.7486227811353,5025.586918291943,5.6438336708855585,98.0,0.57464325,1.4121863356572992,0.05,0.02255868911743164,0.669116735458374,0.024951588,0.03287127,3952.5487035672368,98.0,40000,4.086324214935303,0.015890257471394154,0.012059930806570439,3852.6523102728224,100.0
161,23.434245347976685,4004.417880262124,943.2454543630236,4934.005399242579,-1.9444904319198026,97.0,0.575975,1.3943705058225608,0.05,0.024817705154418945,0.7743704319000244,0.025058283,0.033569325,3957.735621236726,97.0,40000,5.829280853271484,0.019394688880794014,0.015612806435741927,3825.0164490315196,100.0
162,23.809422969818115,4076.2075575353206,830.8572433597511,4996.490215393819,-2.062555350042583,98.0,0.57348734,1.3436546984991453,0.05,1.2793443202972412,25.865204095840454,0.025287598,0.03519649,3969.5828148665855,98.0,40000,44.14608120918274,0.011217695060897087,0.009125956713882133,3923.7034077366675,100.0
163,22.41695809364319,4014.372814244366,1040.7062942231507,5094.196929428107,-4.638002169520159,96.0,0.5740351,1.317230094888792,0.05,0.30141520500183105,2.725175142288208,0.024974942,0.03385415,3974.0618148043636,96.0,40000,59.628663778305054,0.021396626871772562,0.016378279469284742,3886.6551930174305,100.0
164,25.877602100372314,4145.281605304568,873.9298549447101,5004.262820692878,-10.060654127171926,98.0,0.5697609,1.3613962243197268,0.05,0.05875754356384277,0.7879161834716797,0.025124948,0.034650184,3991.183793854384,98.0,40000,4.610156059265137,0.014764970674369281,0.012150473982198842,3880.3142966140113,100.0
165,25.04598307609558,3994.3402449983023,1063.2564940229643,5094.690945088312,21.64708444137115,97.0,0.5716708,1.3370040732559467,0.05,1.258455514907837,19.22546696662903,0.024996076,0.035016157,3991.499438968776,97.0,40000,62.797919273376465,0.022847971216158884,0.017667829174189065,3934.0370699969703,100.0
166,20.532087564468384,4262.399638388774,693.9536447204091,5032.744282309113,5.369081448950012,98.5,0.56694555,1.3658482318644278,0.05,0.03490900993347168,1.5549867153167725,0.025297156,0.033232138,4018.5894589107756,98.5,40000,55.79469585418701,0.012704048330868013,0.0072678300107522345,3960.537479950412,100.0
167,24.90968132019043,4207.4531241917575,742.1586051702527,5034.420790271758,-0.7310250951577917,98.5,0.5646883,1.333006705146767,0.05,0.022699832916259766,0.6608462333679199,0.025086816,0.033672806,4037.475825438874,98.5,40000,4.142864942550659,0.011890190286188745,0.009136480342905567,3993.612285273922,100.0
168,26.519214391708374,4228.226463440152,747.4509568109567,4994.249218117266,21.03957546786824,98.5,0.56400806,1.3948490586770235,0.05,0.021939516067504883,0.620680570602417,0.025030361,0.032970436,4056.5508892390017,98.5,40000,4.009014129638672,0.012293933992751317,0.008592368854447143,3884.377474995569,96.0
169,24.51670479774475,4125.012695059959,813.6321370157654,5054.243906066048,132.10886629786359,99.0,0.5645809,1.307980504618255,0.05,0.020615816116333008,0.6204409599304199,0.02506155,0.035790455,4063.3970698210974,99.0,40000,3.9676895141601562,0.014944889663349233,0.011482174001140936,4114.053980779856,100.0
170,29.457845449447632,4176.382974601245,854.275824563088,5064.612134028694,14.11738925760311,97.5,0.5623106,1.309154976633186,0.05,0.09446001052856445,10.881261110305786,0.025055265,0.034276213,4074.695660299112,97.5,40000,25.500919342041016,0.013740452432245025,0.010014907786170051,4093.878932964984,100.0
171,26.57078504562378,4150.402493158154,829.5261280523447,5116.874690543615,0.43499456112689605,98.5,0.5644231,1.419682956971606,0.05,0.5459496974945068,15.680866003036499,0.024746362,0.033410646,4082.2663435850163,98.5,40000,86.2680242061615,0.01074940750958022,0.00800729629451536,4180.168861990988,100.0
172,25.47564387321472,4095.6877624786157,952.5983266950172,5125.877260841361,-3.2255484172319537,97.0,0.5657396,1.448377166637474,0.05,0.04272651672363281,0.9836771488189697,0.025119046,0.031907517,4083.6084854743763,97.0,40000,4.574009895324707,0.011867835399923372,0.008050918049461326,4052.358648757257,100.0
173,24.1905574798584,4128.16425399553,861.0939565897157,5067.807607658644,-3.963012478734998,97.5,0.5626598,1.3747777989578227,0.05,0.020885944366455078,0.6358509063720703,0.025005862,0.03502573,4088.0640623264917,97.5,40000,4.17260217666626,0.014588608392189296,0.010606987016886695,4283.710515863429,100.0
174,25.098264694213867,4317.39317986155,674.5183208955062,5126.324541626017,3.9314304202672967,99.0,0.558514,1.4688485619201954,0.05,0.5172536373138428,2.600694417953491,0.02483819,0.032660335,4110.996974079998,99.0,40000,4.0454185009002686,0.00803693852151625,0.006081639705964103,4153.653774116183,100.0
175,25.89219570159912,4211.978948545949,768.0389290445107,5001.914954228758,166.6808417016344,99.0,0.5586071,1.4602191644790101,0.05,1.4828104972839355,25.656031131744385,0.025020119,0.032947894,4121.095171526593,99.0,40000,49.946913719177246,0.013145517737292006,0.009506169812729335,4260.028408421217,100.0
176,26.46459436416626,4356.358235184558,553.2652066007837,5087.680928416184,1.2290635681187925,99.0,0.5550364,1.6117359977012884,0.05,0.035481929779052734,0.7425992488861084,0.025083661,0.03179066,4144.6214778923895,99.0,40000,4.608911037445068,0.006023132213516494,0.003799009660802738,4177.756306727893,100.0
177,24.186443090438843,4306.543178006324,746.3571026492197,5054.416095437009,-4.314139405064503,99.0,0.5546783,1.4782056271389903,0.05,0.20041131973266602,6.9492292404174805,0.024947919,0.031411797,4160.813647903783,99.0,40000,64.22333669662476,0.009742603617626343,0.007372866615253971,4141.979263079032,100.0
178,27.113418340682983,4251.887883497098,904.0386074403235,5068.016667393545,-3.265543916209561,97.5,0.5553914,1.4631953359013277,0.05,0.022347688674926758,0.7300171852111816,0.024568679,0.030617753,4169.9210714631145,97.5,40000,4.094713449478149,0.013619797681798112,0.0090899870106822,4152.114665074694,96.0
179,27.226152181625366,4205.75986130189,927.7211731342146,5088.19387291925,-2.7222659928926687,97.5,0.55435896,1.3492139924630362,0.05,0.020534992218017578,0.7277569770812988,0.025246277,0.035665777,4173.504950446992,97.5,40000,4.2765398025512695,0.012729969766293666,0.009348502474096758,4300.332390878092,100.0
180,27.126832485198975,4249.9799185146785,868.9409742441568,5118.476657699355,5.26003727589915,98.0,0.5534979,1.4226960850574428,0.05,0.02123856544494629,0.66329026222229,0.025115509,0.033857558,4181.15244725376,98.0,40000,4.339411973953247,0.014753503053703867,0.010948961445914894,4296.94270690608,100.0
181,25.771090507507324,4270.589182495259,766.68598391077,5067.394734248124,12.061348362091138,98.5,0.5506029,1.4039219384904256,0.05,0.021448373794555664,0.9536886215209961,0.024755212,0.037034456,4190.09612077791,98.5,40000,9.991668224334717,0.013926497763214512,0.008569426675072302,4242.766205350585,100.0
182,28.87068271636963,4316.442481367262,575.3326791950608,5056.81200336494,344.9205692799628,99.5,0.54814744,1.297053484189117,0.05,0.023838281631469727,0.6853237152099609,0.024982348,0.036745805,4202.730756836845,99.5,40000,4.382324457168579,0.006821220540671827,0.005288330301761085,4306.101625879548,100.0
183,24.878867626190186,4332.260635624131,608.6639840772584,5057.467757504682,75.70295950064207,99.0,0.5476617,1.4417454510584036,0.05,0.01951313018798828,0.6443240642547607,0.025293918,0.030382093,4215.683744715574,99.0,40000,4.228718519210815,0.007495254994934362,0.004620025402823073,4243.545500150572,100.0
184,26.13807773590088,4183.014220417958,878.8873578202182,5046.83487604457,25.298376723409564,97.5,0.552879,1.3690796593434411,0.05,0.023445844650268555,0.7813668251037598,0.025277032,0.0392592,4212.416792285812,97.5,40000,4.865704298019409,0.013320681709645123,0.010864545491910547,4221.074135801343,100.0
185,28.923155069351196,4224.6276236858375,846.2350662853413,5087.330285355836,-2.463431559853843,98.0,0.549858,1.4280618006148447,0.05,0.022319793701171875,0.7517490386962891,0.024779705,0.03270974,4213.637875425815,98.0,40000,4.140083074569702,0.0116421652253682,0.007968518555128822,4133.446516135328,100.0
186,28.59809374809265,4193.859274952154,883.0973586851918,5059.053304537076,20.774680804653965,98.0,0.5491872,1.4040933976957697,0.05,1.4204957485198975,24.075952529907227,0.024751807,0.033668533,4211.660015378448,98.0,40000,15.754709243774414,0.013853396142213866,0.010848810879146346,4219.486213229823,100.0
187,23.4691960811615,4315.211773615648,758.5042823666951,5059.652570236933,154.58562338803446,99.0,0.5434972,1.4296235638894383,0.05,0.021583080291748047,0.7005596160888672,0.025237087,0.025158603,4222.015191202168,99.0,40000,4.2134788036346436,0.009906275048115096,0.00794322445459772,4221.827907242093,100.0
188,26.683192253112793,4318.61875151205,732.0835082365106,5187.6385602281725,96.65874448780376,99.0,0.54113305,1.42169418139533,0.05,0.022878646850585938,0.7299761772155762,0.025149016,0.034224022,4231.675547233157,99.0,40000,5.20104193687439,0.009614631817160466,0.007498000460094801,4305.711905991175,100.0
189,24.359604120254517,4112.049545046901,1034.5829183464166,5116.425900232043,-14.758702537485515,97.0,0.548915,1.427302251849138,0.05,0.9151749610900879,8.989901542663574,0.025139011,0.03273136,4219.712947014531,97.0,40000,3.8301398754119873,0.02107264404901784,0.015999807037776207,4312.690721108837,100.0
190,22.608288288116455,4241.747439943832,848.816758185689,5159.382432766147,196.43033775398504,99.0,0.5428118,1.3985234699843598,0.05,0.23229241371154785,2.5820162296295166,0.02520414,0.03343146,4221.916396307461,99.0,40000,83.34045696258545,0.014450540514399294,0.010631351563132219,4352.521418110215,100.0
191,23.963334560394287,4257.514122716169,857.4311601311904,5066.953371866397,-0.42965343410637247,97.5,0.54063225,1.2794159078570202,0.05,0.02857351303100586,0.8512187004089355,0.024888635,0.03593689,4225.476168948331,97.5,40000,5.07227897644043,0.013561656613570177,0.00993018381293721,4314.509605917307,100.0
192,23.20973300933838,4332.92192171091,667.6562371844358,5037.084237745134,180.5903405504489,98.5,0.53981775,1.3358251704500868,0.05,0.023644447326660156,0.6770257949829102,0.024607118,0.033494703,4236.220744224589,98.5,40000,4.5664379596710205,0.009752194264752274,0.00729768863973013,4252.473026602119,100.0
193,25.17215347290039,4328.343056523063,732.9866744830026,5056.176198658132,15.769242277515412,99.5,0.5375765,1.3808435044961545,0.05,0.020112991333007812,0.627570629119873,0.025231559,0.033793427,4245.432975454436,99.5,40000,9.0169837474823,0.010834008611120875,0.007867948933183561,4282.4462848255025,100.0
194,26.720788955688477,4302.12918512894,774.3655687682322,5048.343330475697,-9.902276250434303,97.5,0.5368934,1.2512585719687177,0.05,0.024602890014648438,0.7451457977294922,0.025026646,0.03522488,4251.102596421886,97.5,40000,6.807377815246582,0.009296686544085738,0.0070297342535327835,4317.076771129878,100.0
195,25.525168895721436,4353.570905932802,594.3847984035684,5055.268220691111,345.447075617329,99.5,0.53466076,1.3625539087730005,0.05,0.021906614303588867,0.6289305686950684,0.024789765,0.03467965,4261.3494273729775,99.5,40000,12.038154363632202,0.00696220683136687,0.004408233407393509,4296.291966150367,100.0
196,29.381551265716553,4293.6349413965245,776.0939789297647,5056.5991092492795,39.19442567615734,99.0,0.5320298,1.3512761837761127,0.05,0.021330833435058594,0.7441580295562744,0.0250408,0.03332464,4264.577978775333,99.0,40000,3.9243414402008057,0.012081917959434058,0.0069579166165248275,4354.894771575346,100.0
197,26.000502347946167,4318.62878970497,661.4043519112429,5004.899467088279,169.1901702275242,99.0,0.533177,1.36837741541597,0.05,0.0206601619720459,0.7013435363769531,0.025069768,0.035958387,4269.983059868297,99.0,40000,4.716262578964233,0.008129820383558292,0.00567863097156073,4414.590997809993,100.0
198,25.50336503982544,4454.3201362208,403.57939453442873,5046.511771698192,2333.187568256206,100.0,0.52846974,1.6305120744483337,0.05,0.020370960235595703,0.6600801944732666,0.024895746,0.03160653,4288.416767503547,100.0,40000,4.62770676612854,0.005369762712055774,0.0029057095364953393,4252.046425089152,100.0
199,25.556406021118164,4412.046098720586,464.92592374196704,5209.977685056661,1922.5535463936892,100.0,0.52758956,1.543096949955513,0.05,0.02186298370361328,0.6786127090454102,0.025167452,0.03167347,4300.779700625251,100.0,40000,3.4866745471954346,0.004969981010054235,0.003407033248624598,4312.270935424699,100.0
200,25.77038860321045,4283.323959192144,880.3807211566141,5188.009232598375,18.729200486366754,98.0,0.52975965,1.450585264572064,0.05,0.4802389144897461,5.906184434890747,0.025215492,0.030466413,4299.034126481941,98.0,40000,30.057060956954956,0.015961578679246878,0.009455822990759413,4371.501883685994,100.0
201,27.059218645095825,4420.73940407353,575.7358165327638,5178.963147366346,1085.6676509344325,100.0,0.52333474,1.4087316251293156,0.05,0.021636247634887695,0.6982946395874023,0.025241366,0.035097763,4311.2046542411,100.0,40000,3.528869152069092,0.008415247389596228,0.005577804064176004,4402.920974601546,100.0
202,28.145758390426636,4333.965205157568,702.2854526371398,5138.536087468472,157.5605870535232,99.0,0.52176315,1.5109693305023848,0.05,0.025527238845825195,0.7084832191467285,0.024755208,0.029248,4313.480709332746,99.0,40000,4.0928497314453125,0.008666350093134554,0.006895332617172434,4468.214057775007,100.0
203,23.643264055252075,4357.430800472678,694.5519113549916,5119.698642085085,737.9490245340259,100.0,0.522233,1.3774807939053968,0.05,0.4781382083892822,18.322771787643433,0.024655294,0.035838544,4317.8757184467395,100.0,40000,44.875346183776855,0.008567592317718888,0.00607075690778929,4490.107687267666,100.0
204,26.304959297180176,4354.9724144009315,677.2398516637717,5034.2973452121605,49.845771553629135,99.0,0.52120554,1.3256551166327284,0.05,0.02162623405456543,0.71842360496521,0.023805844,0.036823466,4321.585388042158,99.0,40000,4.204816102981567,0.007717752985595049,0.0055310032789447445,4465.263609590879,100.0
205,25.99278163909912,4396.830859411524,711.1749522177558,5038.7923842030805,226.30641667606213,99.5,0.5214635,1.4744086346584195,0.05,0.026711702346801758,0.6999161243438721,0.025125949,0.033091754,4329.1099351790945,99.5,40000,3.968684434890747,0.008487126341007345,0.00544131221911106,4429.46950764095,100.0
206,29.69896674156189,4350.43958611032,797.7026089319071,5219.638996846892,-3.8152028321545455,98.0,0.52169096,1.2852343157449235,0.05,0.47965168952941895,14.221777439117432,0.024932649,0.035114583,4331.242900272217,98.0,40000,8.288577795028687,0.009169334260157622,0.007018546710371328,4468.394243860341,100.0
207,25.965351343154907,4424.741596909703,771.014342019353,5211.229971900722,-3.7766263652807868,98.0,0.52044207,1.2541931550123553,0.05,0.020580291748046875,0.6465656757354736,0.025044544,0.033891164,4340.592769935965,98.0,40000,4.092605829238892,0.009179741776818537,0.006602211542260643,4532.768528825729,100.0
208,27.65140128135681,4395.231781316015,668.1761898084454,5158.821538175393,-1.0185168457151834,98.5,0.5199343,1.4685782273558639,0.05,0.020532608032226562,0.663459062576294,0.024764867,0.03362121,4346.05667107397,98.5,40000,4.263051986694336,0.006699831719733675,0.004766215264129214,4542.427330292765,100.0
209,25.756179094314575,4329.610940274565,868.7588390919395,5097.014325750896,14.560155404818207,97.5,0.5213112,1.4108401621809235,0.05,1.0923399925231934,1.4426391124725342,0.0250871,0.03202323,4344.41209799403,97.5,40000,4.663465738296509,0.012650956212306481,0.009861402720560398,4462.440699324708,100.0
210,26.422909021377563,4382.308549779638,760.7180259482454,5017.488317397988,-3.2696533459368213,98.0,0.52037776,1.3080258971520482,0.05,0.038033485412597656,0.7212009429931641,0.024880823,0.034971565,4348.201743172591,98.0,40000,3.9249014854431152,0.009431420520061901,0.007375361296282151,4544.372918936311,100.0
211,25.21325445175171,4467.294834481389,546.1190458646128,5159.206495526738,422.8562729008508,99.5,0.51392114,1.475044267199971,0.05,0.020284414291381836,0.6341135501861572,0.024634961,0.032387055,4360.11105230347,99.5,40000,3.9007203578948975,0.006338845622643334,0.0048573329510642384,4499.758830405415,100.0
212,26.391515970230103,4397.96485636617,662.0316202010874,5158.251629318019,335.1827386802551,99.5,0.5132951,1.5660977352382872,0.05,0.020332813262939453,0.7373673915863037,0.024682857,0.030005462,4363.89643270974,99.5,40000,3.8886032104492188,0.010824491349528103,0.00645329277963037,4497.50468058322,100.0
213,25.38070297241211,4525.4669533247,548.6806524818842,5086.888058924778,1409.7291625396517,100.0,0.5111185,1.2935584804648854,0.05,0.020218610763549805,0.6269075870513916,0.024939327,0.03888082,4380.053484771236,100.0,40000,3.8342254161834717,0.006138495739251706,0.0042404050933425265,4276.433029102965,100.0
214,25.792567014694214,4363.316256995086,778.927012847285,5055.047939078461,54.81950376989882,99.0,0.5162544,1.310619977300053,0.05,0.02202749252319336,3.022676944732666,0.024556216,0.03223041,4378.379761993621,99.0,40000,10.329940795898438,0.01075931461442272,0.008116426067616943,4256.878167957227,100.0
215,26.494807243347168,4444.919856184263,665.3474870838679,5022.278763636855,82.45693709635339,98.5,0.5120982,1.2917640021173098,0.05,0.022060871124267578,0.7041966915130615,0.024981268,0.036257435,4385.033771412685,98.5,40000,5.201535224914551,0.008259128834094989,0.006044608962975963,4286.177952528521,100.0
216,25.01443886756897,4481.585965735773,626.8775351765328,5180.246886492162,98.37940626373937,99.0,0.5094977,1.3416919739615472,0.05,0.02260279655456543,0.7041370868682861,0.024783248,0.03606269,4394.688990844994,99.0,40000,4.100388765335083,0.008319184400967395,0.0055553467162719064,4423.874800808245,100.0
217,26.163522720336914,4473.940703639707,577.024238682629,5179.838617768979,-2.4562858640800345,99.0,0.50941956,1.4475560549692914,0.05,0.023485183715820312,0.747427225112915,0.024718944,0.032960597,4402.614162124465,99.0,40000,4.6606385707855225,0.004812165880352107,0.003102808706606906,4200.956121950437,100.0
218,28.7983500957489,4520.565505753017,533.7226969069004,5157.036523033532,1.1518712140762117,99.5,0.5069376,1.4009183721240963,0.05,0.8881919384002686,25.519389390945435,0.024983747,0.033683404,4414.409296487321,99.5,40000,18.383298873901367,0.005261830274155896,0.0036015409726502133,4339.596745607504,100.0
219,27.139491319656372,4328.580130951191,1004.9157435786558,5149.818184889347,2.777390182392975,97.0,0.5103965,1.3043596718447883,0.05,0.02066516876220703,0.8446376323699951,0.025288612,0.033081904,4405.826379933707,97.0,40000,4.435157299041748,0.014411794044603996,0.009034582060460117,4334.481282354529,100.0
220,27.706727981567383,4441.535931201634,744.223665175966,5118.411829851425,9.395142672401883,98.5,0.50831336,1.4648831516111018,0.05,0.020203351974487305,0.6173992156982422,0.024586627,0.037949767,4409.3973350605,98.5,40000,4.0066609382629395,0.009260285629515969,0.006950848616900779,4341.745606916378,100.0
221,26.555569887161255,4489.340940175079,685.3189504710599,5096.095229038063,239.03122071557945,99.0,0.5058007,1.4201629281859083,0.05,0.01995992660522461,0.6072020530700684,0.024928536,0.03205159,4417.391695571958,99.0,40000,3.9738316535949707,0.010695010401639633,0.0073024602207125144,4418.5804729909105,100.0
222,29.684455633163452,4482.560504256798,681.3010744038652,5149.614203578169,631.8592259724828,99.5,0.5025822,1.4421831177169375,0.05,0.021655797958374023,0.6577880382537842,0.024974253,0.030560657,4423.908576440442,99.5,40000,4.421567916870117,0.00838389164603076,0.00661560823951111,4460.291928303533,100.0
223,25.575576305389404,4476.9996723122285,573.2483471649252,5115.39073500163,329.2077383840364,99.5,0.49994034,1.354154752663268,0.05,0.026030540466308594,0.6263318061828613,0.024795856,0.035056453,4429.21768602762,99.5,40000,3.8578648567199707,0.006451375201534494,0.004772867177748786,4517.25422268499,100.0
224,30.138352870941162,4483.503619416749,642.6799429663597,5157.452918967765,15.311050533630064,99.0,0.4988022,1.4847336038788401,0.05,0.021573305130004883,0.5867612361907959,0.025237778,0.031595957,4434.646279366533,99.0,40000,3.689626455307007,0.0076056728765882195,0.0049254706380590695,4445.8989203136925,100.0
225,27.1864116191864,4499.75240993278,769.3997613160648,5149.032149504007,75.74868623116936,98.5,0.49953172,1.3954829694498325,0.05,0.04095721244812012,2.6672799587249756,0.025048336,0.035726264,4441.156892423158,98.5,40000,5.665519952774048,0.011322712497647545,0.0073063854575407695,4445.45674667841,100.0
