iteration,time_sampling,stoc_pol_mean,stoc_pol_std,stoc_pol_max,stoc_pol_min,rollout_success,alpha,delta,time_vpg,time_npg,kl_dist,surr_improvement,running_score,success_rate,num_samples,time_VF,VF_error_before,VF_error_after,eval_score,eval_success
0,34.197214126586914,-6.573379097482538,6.145109321371515,17.29052949115776,-36.58021638020421,0.0,1.2536531741651342,0.05,0.335817813873291,0.5915677547454834,0.025641024,0.038613174,-6.573379097482538,0.0,40000,0.6713283061981201,0.9818043920206743,0.4254159265114857,-3.639331455928894,0.0
1,34.287293672561646,-7.3593526973583145,10.183670078263514,56.31396172675418,-75.44491384605496,0.0,1.5714694636464905,0.05,0.02145218849182129,0.6024715900421143,0.022941822,0.024933673,-6.6519764574701155,0.0,40000,1.235625982284546,0.5914984769162553,0.332450471856162,-3.572510421071842,0.0
2,34.368326902389526,-6.18539137230272,11.725529865150266,125.37185034033273,-61.69278233736768,0.0,2.2508056612650784,0.05,0.021857261657714844,0.5973415374755859,0.023980945,0.024745,-6.605317948953376,0.0,40000,1.6479511260986328,0.5855402048834161,0.5172850723301058,-4.200717726670729,0.0
3,34.770198583602905,-7.679649928547922,10.537503309661457,19.285160253385676,-81.86107399671835,0.0,1.9607467828297849,0.05,0.022497892379760742,0.5942745208740234,0.025978772,0.026256938,-6.71275114691283,0.0,40000,1.4883193969726562,0.3227957468846932,0.23963385002529528,-3.508682877128966,0.0
4,34.90349197387695,-6.699082372203858,9.086219639539525,62.735340399304285,-44.39816113373937,0.0,2.332206549732223,0.05,0.022850751876831055,0.5969676971435547,0.025272883,0.022107692,-6.7113842694419334,0.0,40000,1.4802074432373047,0.42661322661226575,0.3722642971889459,-3.385904937554804,0.0
5,35.04309916496277,-7.0629660359720265,10.226636372490923,45.63209131166289,-66.45790925153106,0.0,2.2621692055316145,0.05,0.023068904876708984,0.5961408615112305,0.025347779,0.022026362,-6.746542446094943,0.0,40000,1.4826033115386963,0.3378188874500364,0.27691629454842215,-3.451311119018957,0.0
6,35.11626052856445,-8.351468561606527,15.380591410547515,19.00108795504952,-144.78426977310914,0.0,2.0191456936017085,0.05,0.02037835121154785,0.5994060039520264,0.024383312,0.021922186,-6.907035057646102,0.0,40000,1.5299065113067627,0.408735916360411,0.30572748901312263,-3.658152924861666,0.0
7,34.85754990577698,-7.444601653537752,9.380834682728777,17.198778565540632,-38.924849836452026,0.0,2.501000111499082,0.05,0.02181863784790039,0.5954141616821289,0.024767442,0.019717367,-6.960791717235267,0.0,40000,1.439075231552124,0.27219263088583817,0.2082213582641241,-3.8258440418393396,0.0
8,34.61246657371521,-9.14190970710701,12.428999181502153,14.847721557690916,-84.20098558503592,0.0,2.631774403850967,0.05,0.022191286087036133,0.6102504730224609,0.023379792,0.018154722,-7.178903516222442,0.0,40000,1.420588731765747,0.20687076625159265,0.16860694648557928,-4.0539016627964735,0.0
9,34.754531145095825,-6.783328227192721,9.932886733222503,15.875580583782144,-84.7520847995697,0.0,1.935382640007961,0.05,0.02591109275817871,0.6046311855316162,0.025051061,0.029345963,-7.13934598731947,0.0,40000,1.406440258026123,0.3337896073322651,0.26620084379256875,-4.204150040116293,0.0
10,34.86659002304077,-7.5725516827473935,16.232848886718333,41.267110869957996,-185.8879523249375,0.0,1.7115752623899663,0.05,0.02314138412475586,0.5994923114776611,0.025042308,0.023512825,-7.182666556862263,0.0,40000,1.3677306175231934,0.4551091689036627,0.31402291069552085,-3.328348671686906,0.0
11,35.11359262466431,-7.034398166224539,16.249037128006965,133.284936823245,-97.3170679971493,0.0,2.3618774273403575,0.05,0.022264480590820312,0.5878515243530273,0.023922222,0.022590084,-7.167839717798492,0.0,40000,1.367823839187622,0.5004474863138987,0.43661098706627915,-5.085917591153318,0.0
12,34.93605995178223,-7.078798843297494,13.601530726839353,50.66593483343026,-111.848492719438,0.0,2.3421176170741282,0.05,0.0214540958404541,0.5703437328338623,0.02395476,0.020126296,-7.158935630348392,0.0,40000,1.377936601638794,0.2901402809213287,0.23230353868959236,-3.8095164876052525,0.0
13,35.059210777282715,-6.251798244216896,19.586175185735186,199.21558125511172,-120.287640613073,0.0,2.1319850574639876,0.05,0.0202176570892334,0.585515022277832,0.025539704,0.032507356,-7.068221891735242,0.0,40000,1.359628438949585,0.521212257362101,0.4631174105620925,-4.284145447050184,0.0
14,34.86643433570862,-7.657562758773804,9.838639148756277,28.399073786196237,-55.50931834288575,0.0,2.2962814038809083,0.05,0.0214385986328125,0.5875523090362549,0.024403796,0.02077943,-7.127155978439099,0.0,40000,1.3979132175445557,0.24558591000780342,0.18419797872600988,-5.177713603396984,0.0
15,34.91341543197632,-7.377518470733091,8.802961559231719,14.633282283846453,-45.72820885387609,0.0,2.339980896683696,0.05,0.07238268852233887,0.6214780807495117,0.024707288,0.021283112,-7.152192227668499,0.0,40000,1.3889646530151367,0.26217903860093544,0.20696879471641683,-4.7887342007398,0.0
16,34.767993211746216,-6.232652065544582,13.069269539210298,45.244691341035114,-121.96220722931744,0.0,1.9517170842726428,0.05,0.0204317569732666,0.5871803760528564,0.026760245,0.023800999,-7.060238211456107,0.0,40000,1.3705780506134033,0.4363976368893825,0.3005208717716732,-4.748664499483099,0.0
17,35.00280833244324,-6.351617793517607,13.819323527103213,67.40905250316749,-75.75347487752359,0.0,2.568877527936432,0.05,0.0238800048828125,0.5939948558807373,0.0245301,0.020348346,-6.989376169662258,0.0,40000,1.3568816184997559,0.42138740325516433,0.33506685314451484,-3.3783305637292904,0.0
18,35.07201886177063,-8.037441365237939,14.450641704481015,14.77366863627385,-124.57160708423335,0.0,1.9748846485010187,0.05,0.021142244338989258,0.5958211421966553,0.025229508,0.020292735,-7.094182689219826,0.0,40000,1.3493688106536865,0.36830300033683283,0.2189591564044095,-4.039993223327368,0.0
19,35.16820979118347,-7.451682434979404,11.814350396475083,27.96533087952224,-103.91421085420612,0.0,2.2898202615125762,0.05,0.02653050422668457,0.6174097061157227,0.025106018,0.02121955,-7.129932663795784,0.0,40000,1.3812201023101807,0.2756754525249021,0.22652438519537882,-3.6463359218175846,0.0
20,35.13333606719971,-7.231186477793172,10.511199617376855,22.12076119514593,-57.61060933103784,0.0,2.6397456769659433,0.05,0.022312164306640625,0.5787844657897949,0.025950849,0.01968837,-7.140058045195524,0.0,40000,1.393444299697876,0.2482238804326953,0.19603048250159202,-3.2796152372267953,0.0
21,34.59659767150879,-5.664835824151146,20.28180450321106,217.16412261536172,-54.19544884016609,0.0,2.622574876344081,0.05,0.02127695083618164,0.5862154960632324,0.024847694,0.021720704,-6.992535823091085,0.0,40000,1.3491065502166748,0.6376392855012588,0.5736550957337339,-3.4732815330749127,0.0
22,34.8914840221405,-7.614011079984184,11.662106070501999,26.063734372681544,-58.736534169278066,0.0,2.4451899834393314,0.05,0.023181915283203125,0.5782415866851807,0.024888314,0.020383395,-7.0546833487803955,0.0,40000,1.3330512046813965,0.23597883824452118,0.1768403135632239,-3.2940274321188117,0.0
23,34.99859595298767,-6.98259973134258,15.082956326899197,77.52217407662195,-79.33436490073943,0.0,2.319924250331215,0.05,0.020458221435546875,0.5702061653137207,0.024989847,0.022032434,-7.047474987036614,0.0,40000,1.3744561672210693,0.3196003681306413,0.25901196332138193,-3.4245781448424255,0.0
24,35.03518056869507,-7.78110639814972,11.169164069105687,50.30812810216408,-51.51150774423126,0.0,2.4601664157642547,0.05,0.02176642417907715,0.583777666091919,0.02588735,0.02062227,-7.120838128147925,0.0,40000,1.3916513919830322,0.29085014062236453,0.23661760716739846,-4.110751019601857,0.0
25,35.1896333694458,-5.767659698722869,12.65334781111201,60.48689933086241,-79.61888757667731,0.0,2.2752465924279646,0.05,0.02240777015686035,0.572624921798706,0.025413474,0.024068732,-6.9855202852054195,0.0,40000,1.3733949661254883,0.4544374174705573,0.3563224981799457,-4.349963118756332,0.0
26,34.85362386703491,-6.96503016698246,16.49705872246694,30.807931748290258,-166.60109646504492,0.0,2.1546890018389826,0.05,0.021377086639404297,0.5667588710784912,0.026425522,0.023892693,-6.983471273383124,0.0,40000,1.3125038146972656,0.46122271511522905,0.3559190898924509,-3.3076680887142347,0.0
27,35.00238084793091,-7.385213153051012,15.361988280744947,80.59921321047831,-128.6132654350157,0.0,2.2367962962505707,0.05,0.02068948745727539,0.605480432510376,0.02445651,0.022851765,-7.023645461349913,0.0,40000,1.361724615097046,0.38054003124356944,0.29035554368493516,-3.4414716035568573,0.0
28,34.89110469818115,-6.820411031054739,11.528785775216939,34.25696488617669,-54.63444626228738,0.0,2.5152502288782115,0.05,0.023102998733520508,0.5758695602416992,0.024319058,0.020422667,-7.003322018320397,0.0,40000,1.2936606407165527,0.30471176168276326,0.23000694192820756,-3.622636554431621,0.0
29,34.89697766304016,-6.5437344502806924,13.006597871144953,78.90821248451104,-46.490266480221365,0.0,2.4416197648329105,0.05,0.02414536476135254,0.5829157829284668,0.025131889,0.020277184,-6.957363261516426,0.0,40000,1.2825229167938232,0.34278891159104596,0.2904976685366447,-5.174480674749573,0.0
30,35.27341961860657,-6.512249370159697,11.140670584391087,21.44576585078069,-50.811839557738026,0.0,2.450926770748619,0.05,0.022253751754760742,0.5923149585723877,0.026240118,0.020694138,-6.912851872380753,0.0,40000,1.2585949897766113,0.28278188545036126,0.2121535935856601,-3.9465157878527943,0.0
31,35.067172050476074,-9.312376685333707,18.76183938531906,48.93533636414392,-143.5979709960692,0.0,1.8041709897995595,0.05,0.026061534881591797,0.5767107009887695,0.025029575,0.02390327,-7.152804353676048,0.0,40000,1.3988308906555176,0.42603212258287665,0.2722918295167672,-3.959445280115414,0.0
32,35.397887229919434,-7.992874254540454,17.18579764199727,61.08414706753547,-116.8777148075791,0.0,2.1646584384039094,0.05,0.020770788192749023,0.5749011039733887,0.025308728,0.02198831,-7.236811343762488,0.0,40000,1.306382656097412,0.3735635256563692,0.29065671152595585,-4.2427994397927264,0.0
33,35.028629302978516,-5.769841041262698,14.045166815270912,122.96972216554161,-58.799990592426084,0.0,2.4029863644244007,0.05,0.023914098739624023,0.6028842926025391,0.02499606,0.026192563,-7.090114313512509,0.0,40000,1.2968077659606934,0.5312731532985904,0.4456645498153183,-3.6152470741228884,0.0
34,34.879631996154785,-7.422355505312153,17.900086025090477,100.83271115667822,-164.21605505278168,0.0,2.4106629074983945,0.05,0.02111983299255371,0.5847492218017578,0.025654465,0.019343603,-7.123338432692473,0.0,40000,1.325270175933838,0.3600133905248015,0.2913984130947036,-4.096822402131086,0.0
35,34.61732840538025,-6.458404425700833,17.1840827839093,160.99844085419323,-63.33076345317507,0.0,2.7023684618287014,0.05,0.02243971824645996,0.5871846675872803,0.02458653,0.019767672,-7.056845031993309,0.0,40000,1.3648855686187744,0.5934730014238474,0.5130015633952965,-4.544295360779455,0.0
36,34.82162022590637,-6.623511511502827,13.394167653311493,46.286399179836536,-108.4417978892985,0.0,2.6014136916414463,0.05,0.02186131477355957,0.589146614074707,0.025079379,0.01881448,-7.013511679944261,0.0,40000,1.3449084758758545,0.34494440210680416,0.2772577841937476,-3.4191514843207216,0.0
37,34.801900148391724,-8.197259940254288,15.198902576528615,15.901563931145178,-109.39033558970164,0.0,2.3082673922973473,0.05,0.02524256706237793,0.5812559127807617,0.025235577,0.020662012,-7.131886505975264,0.0,40000,1.3568332195281982,0.2706905022809963,0.20730669801538057,-1.8284550853351007,0.0
38,34.95653963088989,-4.713277102419544,8.40792856589695,32.102754777736855,-36.544822998573075,0.0,2.38915456562041,0.05,0.023778438568115234,0.5858898162841797,0.024462312,0.021803837,-6.890025565619692,0.0,40000,1.3307864665985107,0.3876808421206559,0.28999095282598514,-3.170988789919402,0.0
39,34.60162281990051,-5.261932993016178,15.349750215871055,119.50783879150353,-78.40917781274226,0.0,2.587314214305019,0.05,0.02224135398864746,0.5857236385345459,0.024971442,0.019814607,-6.72721630835934,0.0,40000,1.3574306964874268,0.5063064885695397,0.4310438697066281,-2.6996397547210282,0.0
40,35.01827812194824,-6.846034573109652,18.352656754149958,33.533749693296194,-212.5296139023866,0.0,2.1076099803830517,0.05,0.02179408073425293,0.5906095504760742,0.024453733,0.020111058,-6.7390981348343715,0.0,40000,1.4545373916625977,0.2933829136171671,0.22809625988721807,-2.559733312525982,0.0
41,35.23035645484924,-6.731716682310707,15.272136494107194,38.355877679953636,-120.4810767660763,0.0,2.1439658634074608,0.05,0.021866321563720703,0.5933732986450195,0.024725584,0.021252105,-6.738359989582005,0.0,40000,1.355834722518921,0.3580056307144951,0.2836107014615228,-2.494649355348157,0.0
42,35.10760164260864,-6.54994395435047,15.888456189560314,33.817153980875226,-175.86270519856163,0.0,1.8422715556560783,0.05,0.021314144134521484,0.5848557949066162,0.024878114,0.028592661,-6.719518386058851,0.0,40000,1.356781005859375,0.4136093241081391,0.2896548261245712,-2.3056656288945594,0.0
43,34.869081258773804,-5.067228019175422,16.610387897262648,160.74622886415932,-56.674024535948845,0.0,2.592817624054063,0.05,0.022929668426513672,0.5757131576538086,0.02522297,0.022314612,-6.554289349370508,0.0,40000,1.3496670722961426,0.5086200127779569,0.4080486482038784,-2.401230581337143,0.0
44,34.951871156692505,-4.5632446025442395,13.310740390053727,122.55851842821501,-50.32718795464017,0.0,2.434862020017349,0.05,0.021249771118164062,0.6254594326019287,0.02471604,0.022772437,-6.355184874687882,0.0,40000,1.3568670749664307,0.48690200338489764,0.4238666969677718,-1.2969463728991137,0.0
45,35.101536989212036,-6.305412579466312,16.573396192077876,106.9197299343656,-88.87019093181702,0.0,2.316589787667606,0.05,0.0216219425201416,0.5823564529418945,0.024069663,0.022330917,-6.350207645165725,0.0,40000,1.3346595764160156,0.43332315488545076,0.3610347137163067,-2.2146055129476103,0.0
46,34.756839752197266,-5.173824077185618,16.915496253461242,131.27050282842487,-84.73929370362762,0.0,2.5245312958141373,0.05,0.021710872650146484,0.5857722759246826,0.024833014,0.02156961,-6.2325692883677135,0.0,40000,1.3397009372711182,0.5562837068584775,0.4299050421206943,-1.6933002746814376,0.0
47,35.03394269943237,-4.937785549584678,19.68619391749197,119.1194231185379,-196.05619314262034,0.0,2.0833949638062763,0.05,0.022240638732910156,0.5831303596496582,0.024745021,0.020937305,-6.103090914489409,0.0,40000,1.3458781242370605,0.45875449876562713,0.3404399282888609,-2.0622603167723743,0.0
48,34.83081340789795,-5.9910579927432694,12.71001588983791,46.06903579754761,-78.78331227832608,0.0,1.3614377258693673,0.05,0.023972511291503906,0.6092371940612793,0.023746893,0.055422314,-6.091887622314795,0.0,40000,1.3193068504333496,0.5589427943360267,0.2952104431506064,-1.7776631907862626,0.0
49,35.17733597755432,-4.588296226655512,17.245596284902128,135.9526649911919,-104.15918207421234,0.0,2.4863860095153165,0.05,0.02348613739013672,0.5862460136413574,0.026085174,0.022799743,-5.941528482748867,0.0,40000,1.311286449432373,0.5270020024256707,0.46336773150754135,-2.075870187591128,0.0
50,35.18702983856201,-5.346837313060068,14.688653021320686,68.61668563667196,-118.83438068565634,0.0,2.315421487933281,0.05,0.0210113525390625,0.5857384204864502,0.02598595,0.023411088,-5.882059365779988,0.0,40000,1.3375885486602783,0.39984295327593244,0.3184027111474948,-2.435394394683271,0.0
51,35.48565745353699,-4.535511119705757,25.882836175293036,249.0549187467915,-204.61546542306996,0.0,1.9786471358911502,0.05,0.023381471633911133,0.5976967811584473,0.025288623,0.023583245,-5.747404541172565,0.0,40000,1.5055639743804932,0.7455515627072082,0.5941725966445631,-2.0587978873108814,0.0
52,34.78474521636963,-6.700763314037813,21.190982053988268,126.5791790030864,-211.28855020860652,0.0,1.638695483435897,0.05,0.022020816802978516,0.5707981586456299,0.025126858,0.02160312,-5.8427404184590905,0.0,40000,1.3926949501037598,0.6552411688904338,0.3571331248433471,-2.1809067731588283,0.0
53,34.885818004608154,-6.2899073201023885,12.910408659929457,59.806099958658955,-78.2163756255649,0.0,2.346940880214106,0.05,0.022475004196166992,0.5849783420562744,0.025474818,0.02129487,-5.887457108623421,0.0,40000,1.3902466297149658,0.44686684817482086,0.2929347883908358,-1.85558546815961,0.0
54,34.882763624191284,-4.368727922938453,13.914783629167548,107.55648713534714,-51.87052592082013,0.0,2.3397242675091645,0.05,0.022025108337402344,0.5857441425323486,0.024533529,0.025052777,-5.735584190054924,0.0,40000,1.3943090438842773,0.39368013895186377,0.33311626252133686,-2.1695690576352664,0.0
55,34.809650182724,-5.205114226239199,16.078517288931973,89.92835231256481,-100.82297143511695,0.0,2.3191771351170094,0.05,0.02144002914428711,0.5710413455963135,0.0246896,0.023929559,-5.682537193673352,0.0,40000,1.373720407485962,0.47210649747524713,0.3929491684712805,-1.627782538268417,0.0
56,34.9954993724823,-5.6164781955869705,12.374816133479042,52.169904099702656,-95.30194818106538,0.0,2.4632429639591917,0.05,0.024053573608398438,0.5669240951538086,0.024839459,0.019761048,-5.675931293864714,0.0,40000,1.319051742553711,0.37060241309262343,0.2922834551074113,-1.8932133008891612,0.0
57,34.882625579833984,-5.41895681038624,15.17349317634869,98.62284346928784,-112.24268408369086,0.0,2.435911317100307,0.05,0.020196199417114258,0.579904317855835,0.024214841,0.019918295,-5.650233845516867,0.0,40000,1.3083877563476562,0.43860469524427237,0.34060925604997633,-2.1652012053197423,0.0
58,34.98025131225586,-5.612505343929291,11.06786525858519,17.68827507145513,-82.65579553167373,0.0,1.903546423388315,0.05,0.020031213760375977,0.5893864631652832,0.024684904,0.025356628,-5.64646099535811,0.0,40000,1.3480610847473145,0.3840662923726249,0.23091564963187078,-2.210871254558953,0.0
59,34.8767454624176,-5.481534988629772,12.067887113243742,31.506855476306526,-63.169241294313316,0.0,2.501217223625375,0.05,0.02250218391418457,0.5782890319824219,0.025375169,0.02042236,-5.629968394685276,0.0,40000,1.3130078315734863,0.33250921879592327,0.265777216562745,-2.0572570025518,0.0
60,34.97124123573303,-4.559309029867937,11.864903320880165,80.40559034988652,-47.56073960991844,0.0,2.579136038328572,0.05,0.022618532180786133,0.602546215057373,0.024797898,0.01965857,-5.522902458203543,0.0,40000,1.3450195789337158,0.4038657332328505,0.33378384912820624,-2.4525678283333487,0.0
61,35.26921772956848,-6.100105956917041,26.566846968897444,83.03348023405725,-315.9415360841771,0.0,2.1303837327518744,0.05,0.020321130752563477,0.5706198215484619,0.023894735,0.019587107,-5.580622808074892,0.0,40000,1.345623254776001,0.43506343481363935,0.2699856064299661,-2.0756741609667215,0.0
62,34.952006340026855,-5.633744007915018,18.29296317932486,97.10555181907066,-185.91094895596342,0.0,1.6231011705274325,0.05,0.021307945251464844,0.5892300605773926,0.025595935,0.02781178,-5.585934928058905,0.0,40000,1.3694491386413574,0.6090851401939936,0.2948968456708889,-2.0742913069727336,0.0
63,34.81555891036987,-7.909836935537449,20.449267637896693,36.481873175810335,-145.6297972015223,0.0,2.252141645666971,0.05,0.019374370574951172,0.5787045955657959,0.024466794,0.020016385,-5.81832512880676,0.0,40000,1.3266880512237549,0.37940592403551804,0.23655664665713524,-2.4225044444147987,0.0
64,35.14851641654968,-5.8734082254098405,24.666333936619043,220.80345038657504,-131.87408699491516,0.0,2.0238401774173096,0.05,0.023755311965942383,0.591209888458252,0.023932153,0.028672589,-5.823833438467068,0.0,40000,1.3766512870788574,0.6446690709218093,0.5200040687861517,-1.5375533716224865,0.0
65,35.018561601638794,-5.5052969576543855,10.164171468456514,22.566702031950292,-61.81338555175876,0.0,2.084116766801549,0.05,0.021013259887695312,0.5708470344543457,0.025358446,0.026042216,-5.791979790385799,0.0,40000,1.3280372619628906,0.41636676583094884,0.27068231890071437,-2.0875770151431645,0.0
66,34.728193283081055,-5.812615365978274,10.585795477415344,31.495012602994496,-50.51578184696724,0.0,2.4619301579086206,0.05,0.022734403610229492,0.56404709815979,0.024669206,0.020095818,-5.794043347945046,0.0,40000,1.3158586025238037,0.3215626972159323,0.2646988887736822,-1.2228903103984468,0.0
67,35.19942331314087,-6.0130353080785035,15.49843261911695,58.642995075744935,-114.15056320477733,0.0,2.426957123568627,0.05,0.0220334529876709,0.574418306350708,0.024889255,0.021805348,-5.815942543958393,0.0,40000,1.340935468673706,0.3831727089413413,0.2507220857179419,-1.4218431322843221,0.0
68,35.74287390708923,-5.706061113555943,17.695612960224583,104.36597917950866,-143.0372367954249,0.0,2.1088670009394272,0.05,0.02225947380065918,0.5892837047576904,0.025122488,0.024414096,-5.804954400918148,0.0,40000,1.354264736175537,0.45508480812291247,0.32776722111297896,-0.29775609862477753,0.0
69,35.367812395095825,-5.527985980043302,14.354703287499724,76.15439382095651,-75.60989743525353,0.0,2.3406869132695594,0.05,0.02302408218383789,0.5889368057250977,0.024647284,0.022026557,-5.777257558830664,0.0,40000,1.358297348022461,0.40213973006678766,0.3262635904507722,-0.0510417186586873,0.0
70,35.51778483390808,-4.114870900482889,13.157711429993675,81.24310573260205,-60.711648781122214,0.0,2.3986653168781435,0.05,0.020176410675048828,0.580571174621582,0.025058312,0.021013083,-5.611018892995887,0.0,40000,1.3450407981872559,0.4682237775226244,0.36321014284749303,-0.27347532635418326,0.0
71,35.47485637664795,-4.6023158002187206,11.43815368039258,26.96562736052065,-77.93151975419546,0.0,1.8711772981304176,0.05,0.025654077529907227,0.6088979244232178,0.024140775,0.028194152,-5.51014858371817,0.0,40000,1.3647217750549316,0.5546488946622639,0.2969586205738314,-0.9752457236123913,0.0
72,35.56750726699829,-5.162368832904901,13.159743121516403,17.214253570758423,-140.94712121474967,0.0,1.8852840816649676,0.05,0.021419286727905273,0.5866646766662598,0.025716644,0.02258493,-5.475370608636843,0.0,40000,1.3565826416015625,0.41162283284815937,0.30072297288454297,-0.5760882950025074,0.0
73,35.56028747558594,-6.5667312964647415,18.5688608332552,35.20763442533256,-151.87222778647183,0.0,2.2422136111490576,0.05,0.02077317237854004,0.5683050155639648,0.025067633,0.020216566,-5.5845066774196335,0.0,40000,1.3564281463623047,0.41683985598593704,0.2935787416389128,-1.1956289981262473,0.0
74,34.893970012664795,-4.890406315209564,11.164227278147784,60.40546827709677,-56.51361117758335,0.0,1.8633589653954752,0.05,0.023245573043823242,0.5790703296661377,0.025318494,0.04565575,-5.515096641198626,0.0,40000,1.4087369441986084,0.5184646278645868,0.316014259997881,-1.857999259481001,0.0
75,35.17579507827759,-4.32712832156136,13.97510661572127,28.357221826197247,-144.83368245245202,0.0,1.7086057998967576,0.05,0.023271560668945312,0.5911736488342285,0.024726868,0.022943625,-5.3962998092349,0.0,40000,1.3659486770629883,0.4719618446264342,0.2997247218853932,-2.067658989164058,0.0
76,38.808359146118164,-5.571785063629221,13.756904023654782,26.708485809432887,-127.1273796608081,0.0,2.18766705301336,0.05,0.49535083770751953,0.894751787185669,0.025310475,0.021482551,-5.571785063629221,0.0,40000,1.5889496803283691,0.3176024680874331,0.23613366370617764,-2.1519223324522145,0.0
77,41.4304735660553,-6.036422947237206,31.32905662002933,79.76463401524808,-405.6165148361709,0.0,1.7161824230009584,0.05,0.02785468101501465,0.8359811305999756,0.023832923,0.025452448,-5.61824885199002,0.0,40000,1.6749322414398193,0.34300126183927115,0.22242565113548357,-0.8682706896083451,0.0
78,40.188793897628784,-2.8281879351693284,11.996118023756532,64.20035168623917,-58.11134860417992,0.0,2.188656463050536,0.05,0.03511953353881836,0.9655072689056396,0.024812013,0.024232173,-5.339242760307951,0.0,40000,1.6598827838897705,0.6211576438044337,0.4550701104752387,-1.2533428936712303,0.0
79,38.96527814865112,-3.786576923565301,15.60453135543499,108.88509948089012,-95.77935758515015,0.0,2.3594393223600987,0.05,0.028645753860473633,0.7370703220367432,0.02474319,0.022098344,-5.183976176633686,0.0,40000,1.3824687004089355,0.5936179363249663,0.4523524911187946,-1.4067892358535337,0.0
80,37.67315721511841,-4.8382056051630045,10.997602228886535,24.396408249033918,-62.400657272255195,0.0,2.3337330129162868,0.05,0.023922443389892578,0.7182888984680176,0.024857074,0.021111006,-5.149399119486618,0.0,40000,1.482985019683838,0.37975807084231905,0.26493075677721195,-1.930434012948196,0.0
81,37.78726935386658,-5.953793290348952,17.897440811609094,130.88136365927284,-81.29524106172298,0.0,2.1510207857427908,0.05,0.035562992095947266,0.7522082328796387,0.02470914,0.022978509,-5.229838536572851,0.0,40000,1.528876543045044,0.41379055119065317,0.2786328754925198,-1.8954412854849505,0.0
82,38.114128828048706,-3.7407830459700095,12.414614899854167,98.9290675581649,-32.0468208695532,0.0,2.631763454128527,0.05,0.04061484336853027,0.9183883666992188,0.024710933,0.019837368,-5.080932987512567,0.0,40000,1.6426212787628174,0.47538113232590234,0.3480336260311102,-2.4505294792345187,0.0
83,38.56192493438721,-4.309438024474987,15.633476454233685,105.1572134620587,-78.20705427211132,0.0,2.378218600816211,0.05,0.03618431091308594,0.9390907287597656,0.025248582,0.022082483,-5.003783491208809,0.0,40000,1.6221652030944824,0.5167652999437546,0.376809215146887,-2.4260271937202944,0.0
84,37.14226007461548,-4.552262271718662,17.69097069146407,152.6576965790757,-73.60185425332234,0.0,2.354771709654475,0.05,0.02620553970336914,0.68869948387146,0.025546119,0.025307968,-4.958631369259794,0.0,40000,1.349628210067749,0.5395140052492627,0.41285140612423116,-2.8284112286865786,0.0
85,36.85369372367859,-3.621135168867383,15.422089762610847,34.46728102285722,-163.03222599262278,0.0,1.6292054567647494,0.05,0.02116703987121582,0.6762261390686035,0.023561845,0.024427509,-4.824881749220554,0.0,40000,1.3573343753814697,0.5707782427617778,0.37443328245959584,-2.6828641309614834,0.0
86,36.84204959869385,-4.671729458721079,11.702450368531304,26.210263016285463,-57.404260795277594,0.0,1.783003009008111,0.05,0.022886037826538086,0.6451315879821777,0.02455642,0.028766215,-4.8095665201706055,0.0,40000,1.4122309684753418,1.1554755376038344,0.25085804280384333,-2.606235998918126,0.0
87,35.54091119766235,-4.9261392051647475,10.787769419916803,41.26801234384995,-46.708950087910104,0.0,2.4072510760309322,0.05,0.024227380752563477,0.6417312622070312,0.024681272,0.020794578,-4.82122378867002,0.0,40000,1.3928594589233398,0.267507089083168,0.22822914384985737,-2.405803482705013,0.0
88,36.09250211715698,-4.715327444631273,10.728142900042965,33.12455877153464,-51.09906235454457,0.0,2.5866126619773935,0.05,0.028021812438964844,0.6415596008300781,0.025464892,0.018915879,-4.810634154266145,0.0,40000,1.4161412715911865,0.3507837542606625,0.2798253302345975,-2.708452657791444,0.0
89,36.419944047927856,-5.125328300839365,11.336139392889786,21.13800236298792,-52.795275223887685,0.0,2.383503368015189,0.05,0.02774643898010254,0.6499626636505127,0.024792962,0.02087892,-4.842103568923466,0.0,40000,1.4064686298370361,0.3104137008763371,0.24958462138854945,-2.237382602724705,0.0
90,36.17210793495178,-4.719777586855057,23.757387597126385,84.57828718320097,-268.43829474661686,0.0,1.9000640369541912,0.05,0.024571657180786133,0.5896728038787842,0.02470341,0.023490718,-4.829870970716625,0.0,40000,1.3482539653778076,0.5076967821452063,0.3675747944900164,-2.7444087429214057,0.0
91,35.57824993133545,-4.1103574606616915,12.397210672861219,88.36705906437969,-36.1933895438056,0.0,2.4190555485334695,0.05,0.023006677627563477,0.6522936820983887,0.024633689,0.023294015,-4.7579196197111315,0.0,40000,1.3581137657165527,0.4746891965533478,0.3300584315913395,-3.1685095050009577,0.0
92,36.14164757728577,-4.743780640597736,15.189948910826011,91.99703312988584,-93.36992015954662,0.0,2.3039628955838327,0.05,0.042108774185180664,0.6791253089904785,0.02552122,0.021240514,-4.756505721799792,0.0,40000,1.4001052379608154,0.4537551032004045,0.31324436808802725,-1.3930136368820454,0.0
93,36.94121432304382,-5.585566043692715,16.20555865767878,58.24963095255026,-143.46456308646574,0.0,2.3887666490740984,0.05,0.02197885513305664,0.5897674560546875,0.024917666,0.020861788,-4.839411753989085,0.0,40000,1.4266271591186523,0.4370193272439092,0.28166874855418683,-2.5026485350674035,0.0
94,35.534013509750366,-3.974201790135312,10.522958096734095,27.626667608110466,-83.87980456471296,0.0,2.088438369747548,0.05,0.025521278381347656,0.6016957759857178,0.025001105,0.024911495,-4.752890757603708,0.0,40000,1.4624876976013184,0.37070727781163026,0.2656887729777706,-2.372443669186693,0.0
95,35.8194694519043,-5.324314269252965,9.503652051726398,25.923556002438623,-42.50777754311639,0.0,2.4028137354436208,0.05,0.02193427085876465,0.5881154537200928,0.02488028,0.02074567,-4.810033108768634,0.0,40000,1.4090213775634766,0.27839366574557317,0.20716190735322274,-2.071860042180301,0.0
96,35.97962951660156,-5.083025390634109,29.614920390170333,75.04073460122694,-367.29942968570106,0.0,1.568382114791672,0.05,0.023252248764038086,0.5922889709472656,0.025749603,0.025621943,-4.837332336955182,0.0,40000,1.438216209411621,0.4506287738894036,0.2551540549802143,-2.799110039999667,0.0
97,35.87471151351929,-4.306787039218135,17.222718201081364,78.9614547961555,-139.34096754126503,0.0,2.153482222227869,0.05,0.022353172302246094,0.6335320472717285,0.02459648,0.02264007,-4.7842778071814775,0.0,40000,1.4457154273986816,0.5041230376001274,0.3894686392090221,-2.6571246165953117,0.0
98,35.581480741500854,-3.900052046444289,11.849511280802655,58.46679861202423,-45.92457636915152,0.0,2.4441742094666763,0.05,0.020902633666992188,0.6096656322479248,0.02679954,0.021580309,-4.695855231107759,0.0,40000,1.3650448322296143,0.4819349415404011,0.3714396048937557,-2.3632005030588266,0.0
99,36.06367230415344,-4.174838884506936,10.887134881076904,40.02898424552788,-56.370464461160594,0.0,2.3308346067847805,0.05,0.03299713134765625,0.8533194065093994,0.02545784,0.021551985,-4.643753596447676,0.0,40000,1.584005355834961,0.3178314716854454,0.2526150325043077,-2.587539544821391,0.0
100,36.56460928916931,-4.021820433605485,11.792289459860047,39.02643865015163,-75.19890361554607,0.0,2.3167594294667335,0.05,0.021971940994262695,0.5977442264556885,0.025357807,0.021916509,-4.581560280163457,0.0,40000,1.3904919624328613,0.34882921658114885,0.2860402525623614,-1.894379685036376,0.0
101,35.373151779174805,-3.9890507242085405,12.238168524839878,52.53723129506233,-61.60803573664067,0.0,2.206047389862972,0.05,0.029502153396606445,0.6830136775970459,0.025170123,0.02302212,-4.522309324567966,0.0,40000,1.3602931499481201,0.3771798587683776,0.2375024857369291,-1.6648808295746094,0.0
102,35.440911054611206,-5.590455296090292,14.686515547823667,72.49607622860282,-78.56569241626951,0.0,2.276452216946046,0.05,0.022238492965698242,0.5919508934020996,0.025055636,0.021644585,-4.629123921720199,0.0,40000,1.4507107734680176,0.41703611392858625,0.31933538645641424,-2.4138671132579623,0.0
103,35.017884731292725,-3.104039456733677,14.080778687179995,96.84561059639809,-60.345099783406454,0.0,2.2395546454868893,0.05,0.021526336669921875,0.5739529132843018,0.025093623,0.029467393,-4.476615475221547,0.0,40000,1.3719418048858643,0.4450292734027709,0.36518578222677406,-1.8835008547499188,0.0
104,35.03442120552063,-6.946387742490999,24.51079423129441,31.325853497490556,-269.2851621551455,0.0,1.5797654245643231,0.05,0.021664142608642578,0.5752780437469482,0.022740008,0.024588898,-4.723592701948492,0.0,40000,1.3519470691680908,0.48984513747368114,0.19605188591921563,-1.9469340248791935,0.0
105,34.75394654273987,-4.724566062981327,35.84153743119393,122.68450031643613,-463.34659181181775,0.0,1.3623947704551782,0.05,0.021975040435791016,0.5777163505554199,0.01932495,0.020548498,-4.723690038051776,0.0,40000,1.3476319313049316,0.5517863946914714,0.3128291551392124,-1.6775455265682442,0.0
106,35.09164834022522,-6.559591766107725,24.361426389852944,69.8407066347948,-241.71260518568715,0.0,1.2800511358766469,0.05,0.02104973793029785,0.5810308456420898,0.025817016,0.04621353,-4.907280210857372,0.0,40000,1.4021637439727783,1.2457926994131059,0.3032995452480792,-2.305539802688514,0.0
107,35.27749061584473,-4.176499503332768,13.821743563456618,32.79458686052054,-77.39945199963968,0.0,2.197144121530401,0.05,0.021222829818725586,0.585045576095581,0.024921982,0.023221573,-4.834202140104911,0.0,40000,1.387488603591919,0.44719239282504303,0.32719196380527354,-2.3264396459366274,0.0
108,35.37964463233948,-4.784038511314858,13.130121943099216,19.948598192502647,-80.56054089404307,0.0,2.174887876780621,0.05,0.023083925247192383,0.5813815593719482,0.025104929,0.022903148,-4.829185777225906,0.0,40000,1.3316774368286133,0.279903915837568,0.2161937956936007,-2.6918872901337596,0.0
109,34.94768285751343,-2.711975883518432,17.615136620911898,108.91559482703218,-71.68989796443044,0.0,2.4509614620728897,0.05,0.023067712783813477,0.5789263248443604,0.024883825,0.021963632,-4.617464787855159,0.0,40000,1.3001396656036377,0.6794811902013715,0.45076804204193177,-2.9035223159668737,0.0
110,34.62484550476074,-3.492448781671871,16.954305203672384,89.69684534003807,-69.24824069267254,0.0,2.366069708633256,0.05,0.02229785919189453,0.5815286636352539,0.024673264,0.023197379,-4.5049631872368305,0.0,40000,1.370561122894287,0.4860100539204849,0.4110848009874254,-2.683980336337186,0.0
111,35.152589321136475,-1.7209098771138958,19.65758518973946,160.2843178976371,-71.62266420667034,0.0,2.43684229033631,0.05,0.021602630615234375,0.582273006439209,0.024771674,0.02404659,-4.226557856224537,0.0,40000,1.3227834701538086,0.6358352381035146,0.5140808130798664,-2.112048573172759,0.0
112,34.8641631603241,-4.428984373023617,16.02651798201728,77.10375934642175,-119.48488251860664,0.0,2.389092841869392,0.05,0.02102351188659668,0.558523416519165,0.02485177,0.020936381,-4.246800507904445,0.0,40000,1.3405301570892334,0.3866751737665749,0.30300185172430755,-2.327889556742264,0.0
113,34.69736385345459,-2.903207902641279,20.672465910197204,219.6530984799639,-76.19214280347117,0.0,2.777600740317835,0.05,0.02100086212158203,0.5625011920928955,0.024655478,0.020298205,-4.112441247378129,0.0,40000,1.3255882263183594,0.6072506999972561,0.5122561728164189,-2.41983637582445,0.0
114,34.37727689743042,-2.9295729893160747,24.747875491021137,289.80908725674544,-48.030340203395255,0.0,2.56694062424698,0.05,0.021216154098510742,0.574697732925415,0.0255027,0.025357053,-3.9941544215719236,0.0,40000,1.3710956573486328,0.7726340839554087,0.6617223566456877,-2.234441697179314,0.0
115,35.062636375427246,-3.812220667797737,11.300587891286346,41.038719412606035,-39.85831574978867,0.0,2.316615955234325,0.05,0.022426843643188477,0.5612201690673828,0.02474271,0.021476252,-3.975961046194505,0.0,40000,1.334923505783081,0.5281304798321319,0.34016098375149284,-2.430871088176638,0.0
116,35.01429009437561,-4.042192577799572,12.646028969317177,63.64592951235496,-87.73619431392218,0.0,2.48236811053847,0.05,0.02280569076538086,0.5653703212738037,0.025257077,0.020943755,-3.9825841993550117,0.0,40000,1.3465476036071777,0.34092277271158183,0.264294778079988,-2.5215029220414134,0.0
117,34.906527042388916,-4.86247854657464,15.221581318913772,60.67629062903742,-137.19586328719632,0.0,2.5818149263543306,0.05,0.02139735221862793,0.5611429214477539,0.02504087,0.018813465,-4.0705736340769745,0.0,40000,1.329735279083252,0.3703470704424566,0.30074012831754987,-2.524896501931042,0.0
118,34.71249270439148,-3.3665966912450678,15.143679455247542,75.83991159737324,-65.1572054374076,0.0,2.3306789511207837,0.05,0.02060246467590332,0.5762090682983398,0.025196968,0.02221734,-4.000175939793784,0.0,40000,1.3886542320251465,0.4705168515940199,0.34191638050735335,-2.4779865477250773,0.0
119,34.72350788116455,-5.218584270057124,16.8674978551658,110.62469627241678,-105.95278876256793,0.0,2.459250018633348,0.05,0.02080559730529785,0.5913136005401611,0.025048876,0.021166703,-4.122016772820118,0.0,40000,1.3375699520111084,0.5061153304127677,0.3865340252797473,-2.2254281487313263,0.0
120,34.77537751197815,-5.433731619004675,15.760962803789617,23.674425149727576,-168.130564360002,0.0,1.5125406569848174,0.05,0.022182226181030273,0.5811893939971924,0.025302729,0.026219489,-4.253188257438573,0.0,40000,1.336761474609375,0.5588958248386248,0.297493290090725,-1.7977187355991397,0.0
121,34.91521883010864,-1.9882400143121777,10.29411049340547,47.02527854901454,-26.104217738923776,0.0,2.49679842253148,0.05,0.02258133888244629,0.6011030673980713,0.024791919,0.024047272,-4.026693433125934,0.0,40000,1.2989616394042969,0.5232397451434148,0.360707249004459,-1.4656971894510327,0.0
122,34.80100417137146,-2.43164472610449,17.80586550140378,139.89852366067774,-79.48905494606939,0.0,2.2835033939576337,0.05,0.021793365478515625,0.585942268371582,0.024973119,0.023012688,-3.86718856242379,0.0,40000,1.3301105499267578,0.5944071102899482,0.4704240909924065,-1.822900374637247,0.0
123,34.74763631820679,-2.48862683220552,20.652973202588562,116.59975876644654,-135.44379922266936,0.0,2.3847585166848106,0.05,0.02268528938293457,0.5664169788360596,0.025238292,0.02063719,-3.729332389401963,0.0,40000,1.3126139640808105,0.5762895035673318,0.46136397998973583,-2.140984350482586,0.0
124,34.789528131484985,-2.3664222823557863,14.634572093323388,70.25850552227229,-101.3497784885268,0.0,2.6065064195094947,0.05,0.02211761474609375,0.5508391857147217,0.025024537,0.018977808,-3.5930413786973454,0.0,40000,1.2955799102783203,0.4304046799646086,0.3289025770292855,-1.9809864122656604,0.0
125,34.72582459449768,-3.407037996388169,26.75663844985844,186.8391726499872,-292.7296598344455,0.0,1.5687612405969182,0.05,0.02162766456604004,0.5616412162780762,0.022303248,0.02379493,-3.5744410404664277,0.0,40000,1.2882592678070068,0.6779874745739252,0.29194319246415773,-1.6479707370353034,0.0
126,34.76239204406738,-2.5635246214238174,19.87672095764027,136.88957576800422,-85.49394964765504,0.0,2.7547499339145234,0.05,0.021391868591308594,0.5590717792510986,0.02530904,0.018762162,-3.473349398562167,0.0,40000,1.3738727569580078,0.6049885349473156,0.4174894704662504,-2.1466241656397282,0.0
127,34.839643239974976,-4.643131496349462,21.384622965259354,47.29915374644335,-257.4218169738167,0.0,1.9779881337125969,0.05,0.0214383602142334,0.5549466609954834,0.024370957,0.020944016,-3.590327608340897,0.0,40000,1.2921299934387207,0.3897152006120466,0.23252682719537968,-2.3798329489158885,0.0
128,34.79877042770386,-2.407735691317109,16.646401175747084,105.82246674358332,-137.2937658286903,0.0,2.178734577202769,0.05,0.021249055862426758,0.5587387084960938,0.02471427,0.024098972,-3.4720684166385185,0.0,40000,1.3030908107757568,0.6674991647505045,0.5052017373189462,-2.4333122580685527,0.0
129,34.88260102272034,-3.8563943161229384,18.125643655417253,34.87996035803305,-208.27941974226246,0.0,2.020662014493538,0.05,0.021292924880981445,0.5567963123321533,0.024665885,0.022765726,-3.5105010065869604,0.0,40000,1.2861027717590332,0.43360263587620396,0.30514400012733217,-2.4342365725392523,0.0
130,34.715620279312134,-5.022353593722808,18.34188679393969,71.52758928985807,-119.30491955612291,0.0,2.2585250741097544,0.05,0.022455453872680664,0.5757427215576172,0.025795972,0.021124497,-3.6616862653005455,0.0,40000,1.2747223377227783,0.4164108887552697,0.33562674637244966,-2.4666163075934384,0.0
131,34.94733691215515,-1.1832691882995643,14.472220963693166,99.74380059851191,-50.8194577971788,0.0,2.4732493292651796,0.05,0.021794557571411133,0.5615954399108887,0.024597935,0.0234306,-3.4138445576004472,0.0,40000,1.296208143234253,0.7477272268794892,0.43123468088409206,-2.3310114255983554,0.0
132,34.90111231803894,-2.525939932444705,17.508043910713415,146.55545186945503,-66.02871999614483,0.0,2.3751177946605466,0.05,0.022577762603759766,0.559288740158081,0.025258124,0.023251666,-3.325054095084873,0.0,40000,1.3426077365875244,0.5811855466925383,0.3974399992792408,-1.5856004896353817,0.0
133,34.79422736167908,-2.5574797597274634,18.90002724872045,125.71705068582142,-65.73863989230236,0.0,2.388233651504745,0.05,0.0233767032623291,0.5775399208068848,0.024081375,0.021754578,-3.2482966615491318,0.0,40000,1.3121764659881592,0.5619907934724974,0.4582689590573393,-1.5653179923956824,0.0
134,34.66183924674988,-3.1775834806591843,20.085438356684435,137.37891825119496,-76.38821504883619,0.0,2.7426644486629943,0.05,0.023575544357299805,0.5509326457977295,0.024924602,0.01951098,-3.241225343460137,0.0,40000,1.3238155841827393,0.6587873236994644,0.5016815654550556,-1.151098683903954,0.0
135,34.59780955314636,-4.266422666930579,15.985420617879976,97.73200107489554,-105.45699490521585,0.0,2.23991669379545,0.05,0.022085905075073242,0.5900397300720215,0.024646984,0.022538746,-3.343745075807181,0.0,40000,1.3419759273529053,0.444609774878832,0.3345225201100951,-0.9889623942244357,0.0
136,34.924163818359375,-2.5404864411603363,11.63208707574026,60.90089906930187,-44.52010729316419,0.0,2.4730968920739,0.05,0.02444291114807129,0.5933139324188232,0.025054393,0.020416,-3.2634192123424968,0.0,40000,1.3291819095611572,0.3756185405776696,0.2993097065321168,-1.458257905281801,0.0
137,35.56287860870361,-3.153865725048437,11.282298414290295,22.361198492259362,-88.18959595277985,0.0,2.3876159478330425,0.05,0.020825862884521484,0.561863899230957,0.025064955,0.020245496,-3.252463863613091,0.0,40000,1.303281307220459,0.3288490979633539,0.2627002271324382,-1.1843257768529505,0.0
138,34.87995266914368,-3.3809083817762233,11.701350937799987,33.276654608336294,-49.87779749092767,0.0,2.3953954937260478,0.05,0.021071672439575195,0.588294267654419,0.02487099,0.021798842,-3.265308315429404,0.0,40000,1.3392970561981201,0.3554996732179695,0.2734903952667799,-1.2597363776689177,0.0
139,34.91746640205383,-3.3546335373393252,11.983248235955783,22.04539169691613,-60.581391558643666,0.0,1.9462000617023147,0.05,0.021183252334594727,0.54360032081604,0.024512228,0.024536325,-3.2742408376203964,0.0,40000,1.358553409576416,0.4922522132750947,0.2933127221703837,-1.9596748556145713,0.0
140,35.26170611381531,-4.116834762813384,20.354785566970552,128.12507266538594,-126.98980990811212,0.0,2.1392442203984836,0.05,0.022034406661987305,0.569044828414917,0.02514472,0.023586543,-3.358500230139695,0.0,40000,1.3590168952941895,0.6191740435327128,0.44448795491781473,-1.268802705817888,0.0
141,34.83614540100098,-2.9577540532546958,13.815230555145174,58.28587297989446,-70.00082600852967,0.0,1.6495822313190147,0.05,0.020647525787353516,0.568087100982666,0.026842523,0.03777368,-3.318425612451195,0.0,40000,1.3291075229644775,0.6666656558933746,0.36535260961817734,-1.566315230889951,0.0
142,34.612268686294556,-2.1013525682345677,18.575567945561318,108.77370849715659,-102.78734151010349,0.0,2.239778759893266,0.05,0.02093791961669922,0.564476490020752,0.024938116,0.022548186,-3.1967183080295327,0.0,40000,1.3191301822662354,0.5676627904911591,0.4437633326400885,-2.0558790979199206,0.0
143,34.58693480491638,-2.5069926536884237,14.324496253221742,120.97285522292873,-51.14306901984252,0.0,2.3432145349940523,0.05,0.02079033851623535,0.5725321769714355,0.025079967,0.02332301,-3.127745742595422,0.0,40000,1.3305318355560303,0.6048247023970076,0.3818993197059848,-0.9836868925068802,0.0
144,34.42787218093872,-2.671457167348281,15.552326436848475,64.26518976365905,-121.55974766359839,0.0,2.5045601518904985,0.05,0.021663904190063477,0.5890345573425293,0.024951698,0.020672543,-3.082116885070708,0.0,40000,1.324671745300293,0.45286493696998154,0.3074381854573008,-0.8858667611681067,0.0
145,34.50322246551514,-4.992474214917129,13.800053120908462,16.45542798115086,-120.19774809202012,0.0,2.3202608506951155,0.05,0.021759033203125,0.5634822845458984,0.025278162,0.019841535,-3.27315261805535,0.0,40000,1.3295750617980957,0.31957205190060695,0.25036488294978104,-0.394893685529987,0.0
146,34.412373781204224,-2.5709115691083095,19.33599264802791,109.55399590338924,-124.50545719465305,0.0,2.2155225874504323,0.05,0.023479700088500977,0.5760974884033203,0.024980519,0.022587951,-3.202928513160646,0.0,40000,1.3028631210327148,0.6055994363008139,0.38674571530955754,-0.0945694487453802,0.0
147,34.14873766899109,-1.2797113252439378,16.207742689762945,89.74711042459397,-73.0376373472198,0.0,2.4264452551805022,0.05,0.022432804107666016,0.5650749206542969,0.024826381,0.021106303,-3.010606794368975,0.0,40000,1.3245971202850342,0.5911366875928776,0.43451390298355896,-0.24205331639289,0.0
148,34.60561227798462,-3.390947356557039,14.347692713494563,97.75383057506158,-89.37255052409573,0.0,2.465237813820123,0.05,0.024495363235473633,0.5891318321228027,0.025091808,0.020168064,-3.0486408505877813,0.0,40000,1.3659236431121826,0.47014748304365367,0.3091787282619939,-0.3836461070322109,0.0
149,35.575671911239624,-0.6943375609911283,14.831428128002914,91.18448813151095,-77.75883779187605,0.0,2.497284037885169,0.05,0.02330303192138672,0.5744442939758301,0.02477296,0.021312866,-2.813210521628116,0.0,40000,1.4588446617126465,0.5285869915578918,0.381851249208809,0.5085946706421322,0.0
150,36.202471017837524,-3.4174102938339046,11.02516216670879,23.61520926706107,-52.88117380905499,0.0,2.4602199454958398,0.05,0.02209019660949707,0.5878739356994629,0.025519812,0.020636547,-2.873630498848695,0.0,40000,1.391191005706787,0.3409562193745332,0.264977448187314,0.43475624874627106,0.0
151,35.79931998252869,-2.5841654875384688,14.79583225006767,92.64019942260683,-86.57768893085344,0.0,1.938982162670387,0.05,0.031681060791015625,0.6837530136108398,0.025191305,0.022248557,-2.8446839977176723,0.0,40000,1.3636951446533203,0.49795074831150743,0.3441976104704,0.1404752704304733,0.0
152,36.02804255485535,-0.7834968788628177,18.086246923608506,178.20517878384356,-37.05393816651877,0.0,2.868521489368405,0.05,0.025002002716064453,0.6391415596008301,0.025037525,0.019261925,-2.638565285832187,0.0,40000,1.3983235359191895,0.6870836732616581,0.5163797144178315,0.42971419272404915,0.0
153,35.004995584487915,-2.9461719125822428,12.798712418854672,38.9153516645774,-102.76185704661037,0.0,2.2447322614859826,0.05,0.023588895797729492,0.5910298824310303,0.025323588,0.021851208,-2.6693259485071925,0.0,40000,1.4038143157958984,0.4814189504598103,0.33105889831150276,-1.2053689657583861,0.0
154,35.0825891494751,-2.150518814191735,15.803839492000824,168.4568308835848,-50.2692426628188,0.0,2.4242997619078404,0.05,0.02464461326599121,0.6122066974639893,0.024987191,0.022917455,-2.617445235075647,0.0,40000,1.3601350784301758,0.6010106377659107,0.5108573367328235,-0.20155826701909332,0.0
155,35.228604316711426,-1.481595638325412,20.551514636374,244.41854150106113,-52.18559427835662,0.0,2.8110474125181035,0.05,0.02660346031188965,0.6460058689117432,0.025034804,0.021506203,-2.5038602754006236,0.0,40000,1.4188971519470215,0.6800214408631062,0.5568041981882516,-0.15440378128953985,0.0
156,35.46921944618225,-1.9020917755802609,14.170472011124826,81.58598425680624,-62.35108546352535,0.0,2.274968238430578,0.05,0.02323126792907715,0.6191201210021973,0.025419425,0.024852896,-2.443683425418587,0.0,40000,1.4319078922271729,0.5464080920048865,0.40099076941035383,-1.1961525541761446,0.0
157,35.47142839431763,-1.7843307395153765,15.064959916109668,108.94356085021055,-55.72594476180533,0.0,2.6448480399178114,0.05,0.025593280792236328,0.6486897468566895,0.025158383,0.02015175,-2.3777481568282663,0.0,40000,1.3989973068237305,0.5486421674409441,0.418089426526703,-1.3629605728914003,0.0
158,35.26278066635132,-1.2647400236420214,13.531075818736298,79.12120193298442,-92.61222224487327,0.0,2.175884793974057,0.05,0.028856277465820312,0.6296439170837402,0.024953086,0.022014063,-2.266447343509642,0.0,40000,1.3599638938903809,0.5195936481956515,0.3385154328075105,-1.345060100023935,0.0
159,35.27770805358887,-2.3420831841743053,11.285669331862815,70.29289305342098,-32.98029825469995,0.0,2.1232732877363003,0.05,0.022645235061645508,0.6173098087310791,0.024951002,0.026050042,-2.274010927576108,0.0,40000,1.400604009628296,0.5257062215461605,0.41854917897764354,-1.05504953127861,0.0
160,35.43549346923828,-4.109510448226867,16.304501602739226,67.83569707578393,-149.1355165795612,0.0,1.962571342604813,0.05,0.026960134506225586,0.6212379932403564,0.025118224,0.024909759,-2.457560879641184,0.0,40000,1.4154901504516602,0.4963519800547592,0.3087713142488251,-1.3443602475919476,0.0
161,35.88001561164856,-2.6829412430909905,12.387210399356809,28.931756813827402,-106.33775135063571,0.0,2.405591032862505,0.05,0.02237248420715332,0.5938544273376465,0.025400238,0.019747032,-2.4800989159861646,0.0,40000,1.4144890308380127,0.4226303215846411,0.30149798857625376,-1.4581124850937144,0.0
162,36.43591094017029,-2.2637398377516926,35.85528774660055,269.9390056749137,-383.74926232337737,0.0,1.5864489152993775,0.05,0.02152538299560547,0.612572193145752,0.024798138,0.024859061,-2.4584630081627177,0.0,40000,1.4123716354370117,0.6162165339021118,0.3387265612854597,-1.435768084395681,0.0
163,35.997021198272705,-4.445229552429335,20.510163008234375,82.75902212504015,-186.75383554435246,0.0,2.2019462786570285,0.05,0.02197718620300293,0.6390705108642578,0.025147663,0.025358284,-2.6571396625893797,0.0,40000,1.4246137142181396,0.39440125978169926,0.306396421105786,-1.147114716013472,0.0
164,36.12261390686035,-2.0599918516105293,18.514429701099818,97.60111438962872,-170.69553024052587,0.0,2.261302124593564,0.05,0.024088144302368164,0.6075868606567383,0.02488353,0.020588968,-2.5974248814914946,0.0,40000,1.342820644378662,0.5354272101294996,0.38104733398378793,-1.7228235055600758,0.0
165,35.79647779464722,-2.477635879161791,13.30666301815573,65.58527503494693,-56.60349991682179,0.0,2.3427937139667945,0.05,0.021021604537963867,0.6114733219146729,0.02606976,0.021576878,-2.5854459812585247,0.0,40000,1.364396095275879,0.5451939917484735,0.34216403171515675,-2.085885239609583,0.0
166,35.599300146102905,-0.8858001188377991,12.966863932460521,60.92649495181822,-56.42669742909069,0.0,2.0857360072442903,0.05,0.020913124084472656,0.6109108924865723,0.02466249,0.025069864,-2.415481395016452,0.0,40000,1.4089016914367676,0.4673221777088724,0.35313385451095114,-1.953120766716359,0.0
167,35.58950400352478,-0.8942658991352165,19.857015040275876,236.22382199337812,-36.408608211205596,0.0,2.905623319744672,0.05,0.021493911743164062,0.6322448253631592,0.024818467,0.020268552,-2.2633598454283286,0.0,40000,1.4150879383087158,0.6943959864743168,0.44180469752660895,-2.034414142858802,0.0
168,35.028639793395996,0.13353657120623602,21.99874140781519,241.50800451625022,-60.893801590756595,0.0,2.417835265414034,0.05,0.023821592330932617,0.5989284515380859,0.024923429,0.023645071,-2.023670203764872,0.0,40000,1.3806500434875488,0.6768671875555501,0.5002558309066358,-0.595062552997546,0.0
169,35.16968607902527,-0.3147766142753352,25.406885538541452,270.96085028127624,-44.46788847549899,0.0,2.292015456882874,0.05,0.02120828628540039,0.6021816730499268,0.024541872,0.030284889,-1.8527808448159186,0.0,40000,1.3757195472717285,0.7504416666906775,0.5895874884805622,0.43590912812459687,0.0
170,35.0406608581543,-0.5883884892707553,19.91225367460808,190.05176469743836,-61.771676363215356,0.0,2.277305280783102,0.05,0.02854299545288086,0.638052225112915,0.025437182,0.023947302,-1.7263416092614023,0.0,40000,1.34145188331604,0.6535588003322951,0.48970072280920335,-0.11661469742159973,0.0
171,35.724019289016724,-1.909334419240493,13.51500332437553,40.7876828343333,-86.52467558564803,0.0,2.3563127230688234,0.05,0.023698806762695312,0.6378769874572754,0.025315512,0.020574791,-1.7446408902593116,0.0,40000,1.3687434196472168,0.36593385317915866,0.29255565165011177,1.025907302962081,0.0
172,35.96254253387451,-1.9092520011141259,11.282933453192262,48.64710396129812,-66.87815291709973,0.0,2.2483272888957817,0.05,0.025089740753173828,0.59364914894104,0.025490385,0.022173606,-1.761102001344793,0.0,40000,1.3829760551452637,0.42313021648574906,0.297059306617127,0.06633023003321036,0.0
173,35.47714161872864,-3.942740474877877,23.947944562230706,52.286272487732504,-208.7207918594686,0.0,1.7871678454729938,0.05,0.022743701934814453,0.6333153247833252,0.024485106,0.024534848,-1.9792658486981016,0.0,40000,1.4056284427642822,0.5318730048618963,0.2717707658862017,0.5278018964922977,0.0
174,35.22185397148132,-2.394605731138471,14.346582331547634,48.58577226580412,-80.91712786657651,0.0,2.38078959566414,0.05,0.02325582504272461,0.6506285667419434,0.025497077,0.021844413,-2.0207998369421385,0.0,40000,1.4256112575531006,0.4410458512203943,0.3151171831693879,0.6224001518403849,0.0
175,36.016191244125366,-0.15359458330718417,15.532258171996236,111.4109313638721,-47.37911301502844,0.0,2.539166633057005,0.05,0.02756190299987793,0.5986976623535156,0.02466921,0.02258009,-1.8340793115786431,0.0,40000,1.4118483066558838,0.5219257954815902,0.4389193070987788,0.8576188917820861,0.0
176,35.70460033416748,-3.467496414115026,20.485424494165365,97.08217527224507,-167.673398689363,0.0,1.3722076839949278,0.05,0.020218849182128906,0.5687222480773926,0.023383435,0.015356585,-1.9974210218322814,0.0,40000,1.3540680408477783,0.7467480017074649,0.2777620128998308,0.617269767079885,0.0
177,35.16364121437073,-0.08179788592424579,24.98878718903378,147.1550886123331,-226.94901761956518,0.0,2.070280299707249,0.05,0.022609472274780273,0.6258387565612793,0.024845649,0.026696699,-1.8058587082414779,0.0,40000,1.371058702468872,0.5247032317396508,0.391139898710824,1.7318866912670656,0.0
178,35.32518124580383,0.7230093794904476,17.677559841591773,148.22597448809339,-28.651924312453218,0.0,2.2544029977969897,0.05,0.027269363403320312,0.6839327812194824,0.025220858,0.024755234,-1.5529718994682855,0.0,40000,1.369140863418579,0.7625147462235944,0.4157554778418973,1.2598461970055146,0.0
179,35.63185524940491,-1.0149678670372198,14.47852445773223,90.25939368320611,-39.5211285925038,0.0,2.4103491891761784,0.05,0.02473735809326172,0.6495318412780762,0.02556767,0.021763654,-1.499171496225179,0.0,40000,1.420877456665039,0.6006059482286442,0.40394512320083326,2.4210947029938774,0.0
180,35.454429149627686,-2.2494971080713846,16.941462002363835,79.79642016178283,-114.8591543206894,0.0,2.324384260359317,0.05,0.023128271102905273,0.6318292617797852,0.02494357,0.021599755,-1.5742040574097997,0.0,40000,1.3974647521972656,0.4680013851282136,0.3133687533917433,3.378543954206457,0.0
181,35.78598499298096,-2.467576659286445,12.71927621220426,70.4715861725692,-45.414762451583336,0.0,2.350953904894987,0.05,0.02209925651550293,0.6124377250671387,0.025206804,0.021872003,-1.6635413175974643,0.0,40000,1.341372013092041,0.5867275042902094,0.3931524249354048,3.1522395026089005,0.0
182,35.52539777755737,-1.971541096826988,11.460811990781675,45.14977621682583,-36.28868931498601,0.0,1.9993302909186963,0.05,0.024822473526000977,0.6354529857635498,0.02477237,0.021166917,-1.6943412955204167,0.0,40000,1.399986743927002,0.48645475139890765,0.31405306636816527,1.99579734002069,0.0
183,35.64576864242554,-3.2879127232013796,27.92043097157726,82.56864699664688,-349.00763348302496,0.0,1.1538232453156656,0.05,0.02432107925415039,0.6596922874450684,0.026442114,0.036693715,-1.853698438288513,0.0,40000,1.4202191829681396,0.6575646209897624,0.20484054921984482,2.0821925732991486,0.0
184,35.930389404296875,-2.4924245148602138,17.144000740597612,161.20324425381253,-72.00758966859905,0.0,2.158600174585771,0.05,0.02647089958190918,0.6343085765838623,0.025165504,0.02611947,-1.9175710459456832,0.0,40000,1.3542864322662354,0.6156926548794441,0.500349632117625,0.054192751645346676,0.0
185,35.90942072868347,-0.930234064673194,15.477440068743968,98.72912483968916,-56.80085078963602,0.0,2.604476057888068,0.05,0.024369239807128906,0.6263201236724854,0.025172284,0.019409025,-1.8188373478184343,0.0,40000,1.3416101932525635,0.6134973617765349,0.47897739290705493,0.47330698327055226,0.0
186,35.89881634712219,-1.9115752776201678,15.538735432702623,39.21382422656675,-154.54164431346385,0.0,2.3604344798374837,0.05,0.03402113914489746,0.759920597076416,0.024926776,0.02038526,-1.8281111407986077,0.0,40000,1.528961181640625,0.3488978876485188,0.264218003954664,-0.437515038258332,0.0
187,36.83445715904236,0.2642939636278254,15.765351619937826,78.15621848557649,-74.60557281685738,0.0,2.443651508126441,0.05,0.021706342697143555,0.638359546661377,0.02518364,0.02176318,-1.6188706303559643,0.0,40000,1.345409631729126,0.6580849990854952,0.39739364894433826,-1.554471788670021,0.0
188,35.39833116531372,-3.1010985929748416,20.832982403647964,49.15178506745678,-244.42469672079835,0.0,1.6881969838842144,0.05,0.021854877471923828,0.6533467769622803,0.02475933,0.025935972,-1.7670934266178522,0.0,40000,1.3932385444641113,0.5676099592628996,0.2500069579880943,-2.081465995299969,0.0
189,36.32159423828125,-3.5092426351885444,13.857982537605237,69.71158461582527,-58.873713397393836,0.0,2.2804020511002077,0.05,0.028016328811645508,0.609572172164917,0.024990963,0.0253741,-1.9413083474749215,0.0,40000,1.367201328277588,0.38158218449299214,0.2776537661250745,-0.45014662185967536,0.0
190,36.03456234931946,-1.3883579272418158,12.841658608580785,110.5518708859389,-26.490993908526896,0.0,2.546870682812222,0.05,0.026197195053100586,0.635894775390625,0.024962036,0.020953095,-1.886013305451611,0.0,40000,1.3934357166290283,0.5776389738241088,0.3870205276446938,-0.9764279645469184,0.0
191,35.877684593200684,-1.3907993665704839,12.365254833639296,47.471776520177414,-45.123670659580576,0.0,2.631797492085727,0.05,0.023917675018310547,0.5672092437744141,0.02505598,0.019775828,-1.8364919115634983,0.0,40000,1.4332575798034668,0.41756755324036293,0.31122816286657684,-3.299788814893308,0.0
192,35.230368852615356,-2.3107128759595934,14.074632964087442,42.315322837612825,-74.60086854713296,0.0,2.2183532411037215,0.05,0.022740602493286133,0.5943148136138916,0.024988852,0.020910563,-1.8839140080031078,0.0,40000,1.3664920330047607,0.45155603585320053,0.3586614154253815,-2.525592402248182,0.0
193,35.31889605522156,-1.7818094686387695,16.842824829074708,81.4821599597822,-129.5088091096155,0.0,1.9567192407940703,0.05,0.025776147842407227,0.6173579692840576,0.024922485,0.027328983,-1.8737035540666742,0.0,40000,1.3476598262786865,0.5504427622007373,0.3581611455401307,-2.151254806561695,0.0
194,35.56311798095703,-1.9964094273653512,13.843884561140664,47.109527685150454,-101.06079736537886,0.0,2.2164505003938846,0.05,0.024966716766357422,0.5946445465087891,0.025768835,0.021239612,-1.8859741413965418,0.0,40000,1.349231243133545,0.3865791547368969,0.28272353825190194,-0.9164150351801885,0.0
195,35.660351037979126,0.40139088860228794,30.566106263383343,403.3110899965809,-29.84242420781775,0.5,2.695500123709191,0.05,0.022053956985473633,0.6200921535491943,0.025171356,0.022434665,-1.6572376383966587,0.5,40000,1.3098423480987549,0.8116436969281436,0.6169813762291211,-0.9224425617089519,0.0
196,35.53436326980591,-2.7418528640904123,11.698307993741574,62.6346019160135,-30.163565511831468,0.0,2.5877249944753755,0.05,0.02303290367126465,0.6185417175292969,0.024818296,0.021088164,-1.7656991609660342,0.0,40000,1.3554906845092773,0.5326251850087,0.33185055212607995,-0.07979848211250108,0.0
197,35.305888652801514,-3.2460226684958866,21.521663859817924,66.66573131071206,-173.11231946237785,0.0,1.9760596239389896,0.05,0.025917530059814453,0.6506574153900146,0.024933262,0.023902902,-1.9137315117190195,0.0,40000,1.3797574043273926,0.5104118509943318,0.3719389644630144,-0.718376430409821,0.0
198,36.00699734687805,-0.4504526501272592,12.314865104791375,60.55431314310631,-29.123379251840205,0.0,2.2846876564660588,0.05,0.02297496795654297,0.7702603340148926,0.024803283,0.022363337,-1.7674036255598435,0.0,40000,1.4563608169555664,0.4778479468389896,0.3926791366329023,-0.4004837212685615,0.0
199,35.71420097351074,-3.32025994488729,14.891392737009278,26.851882829569178,-118.99456603872095,0.0,2.0600808603236263,0.05,0.022534608840942383,0.5776708126068115,0.025068136,0.023391906,-1.9226892574925882,0.0,40000,1.3852112293243408,0.3891131892821918,0.241878248082528,-0.6157241452671444,0.0
